time,ax,ay,az,atotal
0.0029354095458984375,-0.35,0.25,0.35,0.55
0.004446268081665039,-0.4,0.05,0.31,0.5
0.00617218017578125,-0.55,-0.1,0.42,0.69
0.027555227279663086,-0.9,-0.15,0.62,1.1
0.02899312973022461,-1.47,-0.1,0.38,1.52
0.03893327713012695,-0.66,0.09,-0.21,0.69
0.040465354919433594,0.16,0.26,0.52,0.6
0.05555915832519531,0.27,0.2,-0.06,0.34
0.057037353515625,0.06,0.08,0.1,0.14
0.0720362663269043,-0.03,-0.39,0.25,0.46
0.07341718673706055,-0.47,0.11,0.03,0.48
0.1466832160949707,0.01,-0.07,-0.53,0.53
0.1481614112854004,0.02,0.24,-0.15,0.28
0.15623140335083008,0.0,0.24,0.2,0.31
0.15753841400146484,-0.01,0.08,-0.2,0.21
0.17331314086914062,0.69,0.52,0.08,0.86
0.17476940155029297,0.92,0.28,-0.14,0.97
0.1888442039489746,0.23,-0.49,-0.04,0.54
0.1902151107788086,-1.44,-1.43,-0.99,2.25
0.20609617233276367,-0.61,0.68,0.79,1.2
0.20752930641174316,1.1,0.37,1.16,1.64
0.2817721366882324,0.42,-0.22,-0.68,0.82
0.28347229957580566,-0.23,-0.59,-0.34,0.71
0.2903470993041992,-0.32,-0.28,0.34,0.54
0.29191017150878906,0.24,1.06,0.59,1.23
0.3077123165130615,0.46,0.03,-0.22,0.51
0.30918216705322266,0.22,-0.33,0.04,0.39
0.3221101760864258,0.26,0.16,0.03,0.3
0.32361841201782227,0.16,-0.01,-0.39,0.42
0.3396952152252197,-0.03,0.14,0.14,0.2
0.3411111831665039,0.2,-0.15,0.12,0.27
0.4155111312866211,0.22,0.13,-0.1,0.27
0.41680908203125,0.42,0.32,-0.05,0.53
0.4219841957092285,0.29,0.03,0.17,0.33
0.4237194061279297,0.0,-0.03,0.14,0.14
0.43958616256713867,-0.02,0.08,0.2,0.21
0.44109225273132324,0.05,0.12,0.19,0.23
0.45478224754333496,0.17,-0.09,0.01,0.19
0.4561324119567871,0.11,-0.07,0.06,0.14
0.473879337310791,0.18,-0.12,0.09,0.23
0.47534608840942383,0.2,-0.19,0.11,0.29
0.5492362976074219,0.08,-0.11,-0.01,0.13
0.5507602691650391,0.08,-0.03,-0.12,0.14
0.5553841590881348,0.11,-0.24,0.16,0.3
0.5571742057800293,-0.19,0.04,-0.18,0.26
0.5728023052215576,0.12,0.08,-0.05,0.15
0.5742383003234863,0.58,0.07,0.03,0.58
0.5883162021636963,0.51,0.24,-0.28,0.62
0.5896921157836914,0.22,0.37,-0.16,0.45
0.605250358581543,0.46,0.14,0.08,0.48
0.6066184043884277,0.49,0.03,-0.04,0.49
0.680138111114502,0.35,-0.04,0.0,0.35
0.6816482543945312,0.2,0.05,0.06,0.21
0.6918182373046875,-0.09,0.29,0.02,0.3
0.6932272911071777,-0.3,0.19,0.07,0.36
0.7068943977355957,-0.39,0.23,0.07,0.45
0.7081573009490967,-0.42,0.49,0.0,0.64
0.7225604057312012,-0.24,0.2,0.08,0.32
0.7239251136779785,-0.02,-0.19,0.15,0.24
0.7398343086242676,-0.03,-0.32,0.15,0.35
0.741119384765625,-0.29,-0.09,0.25,0.39
0.81451416015625,-0.31,-0.12,0.26,0.42
0.8161883354187012,-0.36,-0.04,0.22,0.42
0.8224592208862305,-0.51,0.03,0.38,0.63
0.824216365814209,-0.65,0.07,0.37,0.75
0.8407993316650391,-0.51,0.01,0.17,0.53
0.842280387878418,-0.19,-0.37,-0.01,0.41
0.8554172515869141,0.02,-0.37,-0.09,0.38
0.8566172122955322,0.2,-0.26,-0.12,0.34
0.8726692199707031,0.28,0.22,-0.16,0.39
0.8739514350891113,0.28,0.61,-0.32,0.74
0.9476373195648193,0.36,0.78,-0.35,0.92
0.9492101669311523,0.58,0.73,-0.21,0.95
0.9582061767578125,0.5,0.52,0.09,0.72
0.9596433639526367,0.18,0.32,0.29,0.46
0.9745373725891113,-0.04,0.2,0.33,0.38
0.9759154319763184,-0.11,0.05,0.3,0.32
0.9900002479553223,0.02,-0.03,0.06,0.06
0.9913983345031738,0.22,-0.16,-0.02,0.27
1.006012201309204,0.22,-0.43,0.12,0.49
1.0072803497314453,0.13,-0.08,-0.16,0.22
1.0808792114257812,0.22,0.11,-0.33,0.41
1.082456111907959,0.23,0.09,-0.07,0.25
1.0904662609100342,0.27,0.0,0.03,0.27
1.0919160842895508,0.29,-0.05,0.19,0.35
1.107802391052246,0.13,-0.05,0.26,0.29
1.109046220779419,0.06,0.35,0.17,0.39
1.1226582527160645,0.39,0.97,0.08,1.04
1.1240572929382324,1.43,1.45,-0.27,2.05
1.1397302150726318,-0.23,0.81,-0.3,0.89
1.1411933898925781,-1.22,0.17,0.16,1.24
1.1563301086425781,-0.14,-0.99,0.05,1.0
1.2299160957336426,0.68,-1.3,0.02,1.46
1.2316582202911377,0.69,-0.75,0.15,1.03
1.2420611381530762,0.1,-0.13,0.31,0.35
1.2434773445129395,-0.35,-0.02,0.29,0.45
1.2577333450317383,-0.23,-0.38,0.23,0.5
1.2591092586517334,-0.07,-0.32,0.15,0.36
1.2730650901794434,-0.07,0.13,0.16,0.21
1.2744011878967285,-0.03,0.29,0.14,0.32
1.289039134979248,0.07,0.12,0.18,0.22
1.2903571128845215,0.04,-0.04,0.1,0.11
1.364309310913086,-0.18,-0.01,0.01,0.18
1.3658103942871094,-0.33,0.15,0.1,0.37
1.3730673789978027,-0.31,0.13,0.04,0.33
1.3747992515563965,-0.3,-0.01,0.02,0.3
1.391038417816162,-0.29,-0.04,0.13,0.32
1.3924622535705566,-0.37,0.01,-0.01,0.37
1.406130313873291,-0.3,-0.01,-0.13,0.32
1.4074411392211914,0.09,0.06,-0.12,0.16
1.4226162433624268,0.47,0.28,-0.15,0.56
1.4239764213562012,0.61,0.32,-0.06,0.69
1.4985933303833008,0.48,0.1,0.08,0.49
1.5000622272491455,0.31,-0.05,0.11,0.33
1.5070381164550781,0.25,0.09,0.12,0.29
1.5084753036499023,0.14,0.13,0.17,0.25
1.5243101119995117,-0.16,0.01,0.32,0.35
1.5256361961364746,-0.34,-0.04,0.32,0.46
1.5393803119659424,-0.14,0.0,0.23,0.26
1.540666103363037,0.27,0.09,0.28,0.39
1.5564062595367432,0.54,0.21,0.23,0.62
1.5577473640441895,0.74,0.18,0.15,0.77
1.6314573287963867,0.71,-0.09,0.34,0.79
1.6330204010009766,0.26,-0.11,0.37,0.46
1.6414461135864258,0.29,0.14,0.3,0.44
1.6428492069244385,0.77,0.26,0.19,0.83
1.6582622528076172,0.62,0.11,0.05,0.63
1.6596002578735352,-0.03,-0.08,-0.02,0.08
1.672804355621338,-0.08,-0.14,-0.09,0.18
1.6741762161254883,0.27,-0.1,-0.35,0.45
1.6894421577453613,0.35,0.04,-0.53,0.63
1.690751314163208,0.16,0.24,-0.39,0.48
1.7643213272094727,-0.22,0.19,-0.03,0.29
1.765836238861084,-0.4,-0.01,-0.02,0.4
1.7755513191223145,-0.2,-0.19,-0.05,0.28
1.7769861221313477,-0.02,-0.18,0.16,0.24
1.7907261848449707,0.21,0.01,0.04,0.21
1.7922072410583496,0.31,0.0,-0.22,0.38
1.8061802387237549,0.14,-0.12,-0.07,0.19
1.807530403137207,-0.09,-0.08,0.01,0.12
1.8226852416992188,-0.06,0.04,-0.01,0.07
1.8240172863006592,-0.05,0.16,-0.1,0.19
1.900097370147705,-0.11,0.16,-0.17,0.25
1.901529312133789,-0.09,-0.01,-0.12,0.15
1.9064931869506836,-0.12,-0.09,-0.06,0.16
1.9083633422851562,-0.18,-0.08,-0.12,0.23
1.9252681732177734,-0.43,-0.11,0.04,0.44
1.926687240600586,-0.61,-0.04,-0.03,0.61
1.9397332668304443,-0.21,0.0,-0.34,0.39
1.9410512447357178,0.02,-0.1,-0.18,0.2
1.9564602375030518,-0.21,-0.05,-0.05,0.22
1.9577431678771973,-0.15,-0.05,-0.29,0.33
2.030701160430908,0.0,-0.13,-0.17,0.21
2.032269239425659,0.16,-0.07,-0.28,0.33
2.041525363922119,0.31,0.0,-0.41,0.51
2.042938232421875,0.22,-0.07,0.0,0.23
2.0577011108398438,-0.03,-0.03,-0.06,0.07
2.0590944290161133,-0.02,0.01,-0.32,0.32
2.073167324066162,0.13,-0.04,-0.14,0.19
2.074524402618408,0.15,-0.04,-0.02,0.15
2.0899643898010254,0.05,0.01,-0.12,0.13
2.091276168823242,-0.04,-0.01,-0.16,0.16
2.164379119873047,-0.1,0.0,-0.25,0.26
2.1659762859344482,0.09,0.13,-0.3,0.33
2.1760432720184326,0.46,0.09,-0.29,0.55
2.1775550842285156,0.45,-0.14,-0.11,0.48
2.1914563179016113,0.24,-0.13,-0.02,0.27
2.1929032802581787,0.1,0.06,0.0,0.11
2.2064871788024902,0.09,0.05,0.12,0.15
2.207848310470581,0.13,-0.07,0.15,0.21
2.222963333129883,0.17,-0.08,0.04,0.19
2.224295139312744,0.21,0.02,0.11,0.23
2.239570140838623,0.11,0.13,0.51,0.53
2.3117871284484863,-0.28,0.17,0.54,0.63
2.313462257385254,-0.59,0.02,0.32,0.67
2.3257341384887695,-0.52,-0.15,0.17,0.56
2.327200412750244,-0.27,-0.01,0.18,0.32
2.341653347015381,0.28,0.12,0.06,0.31
2.3430652618408203,1.17,0.02,-0.23,1.19
2.3564391136169434,1.8,0.0,-0.35,1.83
2.357774257659912,1.7,0.29,-0.23,1.73
2.3733153343200684,1.15,0.59,0.06,1.29
2.3745932579040527,0.55,0.59,0.37,0.88
2.445834159851074,0.14,0.36,0.6,0.71
2.4474000930786133,-0.07,0.15,0.74,0.75
2.4585423469543457,-0.2,-0.02,0.79,0.81
2.4599204063415527,-0.3,-0.23,0.79,0.87
2.474905252456665,-0.34,-0.36,0.83,0.96
2.476323127746582,-0.35,-0.25,0.8,0.9
2.4898602962493896,-0.42,-0.08,0.59,0.72
2.49120831489563,-0.56,0.04,0.45,0.71
2.5064122676849365,-0.64,0.18,0.37,0.76
2.5077712535858154,-0.62,0.39,0.06,0.73
2.5868983268737793,-0.5,0.48,-0.36,0.78
2.5884132385253906,-0.32,0.36,-0.56,0.73
2.6097893714904785,-0.23,0.2,-0.67,0.73
2.6110312938690186,-0.13,0.08,-0.59,0.6
2.6248693466186523,-0.06,-0.01,-0.2,0.2
2.626357316970825,-0.08,-0.08,0.22,0.24
2.6397790908813477,-0.27,-0.18,0.43,0.53
2.6411283016204834,-0.42,-0.27,0.64,0.81
2.6565871238708496,-0.55,-0.2,0.82,1.0
2.657916307449341,-0.69,-0.08,0.82,1.07
2.7467262744903564,-0.93,-0.14,0.81,1.24
2.7482292652130127,-1.12,-0.44,0.92,1.51
2.7589292526245117,-1.08,-0.69,0.87,1.54
2.760373115539551,-1.03,-0.8,0.67,1.46
2.7746591567993164,-1.16,-0.78,0.25,1.42
2.776163101196289,-1.46,-0.74,-0.08,1.63
2.789882183074951,-1.63,-0.78,-0.25,1.82
2.7911922931671143,-1.67,-0.81,-0.35,1.88
2.806363105773926,-1.73,-0.59,-0.54,1.9
2.8077332973480225,-1.76,0.02,-0.98,2.01
2.8967671394348145,-1.33,0.74,-1.5,2.13
2.89827823638916,-0.43,0.84,-2.2,2.39
2.9100112915039062,0.44,0.48,-2.35,2.43
2.911365270614624,1.21,0.1,-1.82,2.18
2.9244823455810547,1.53,-0.24,-1.38,2.07
2.925910234451294,0.82,-0.34,-0.88,1.24
2.9402194023132324,-0.49,-0.12,-0.39,0.63
2.941603183746338,-1.67,0.2,0.1,1.68
2.957040309906006,-2.34,0.49,0.63,2.47
2.958388328552246,-2.34,0.83,0.91,2.64
3.0477612018585205,-1.84,1.06,0.82,2.27
3.049351215362549,-1.04,0.95,0.72,1.58
3.059683322906494,-0.23,0.71,0.49,0.89
3.061091423034668,0.24,0.49,0.2,0.58
3.074742317199707,0.25,0.33,0.12,0.43
3.076113224029541,0.36,0.13,0.25,0.45
3.0904972553253174,0.46,-0.1,0.24,0.52
3.091973304748535,0.41,-0.19,0.19,0.49
3.107457160949707,0.26,-0.06,0.2,0.33
3.1088192462921143,0.2,0.13,0.31,0.39
3.198528289794922,0.28,0.25,0.42,0.56
3.200085163116455,0.33,0.23,0.48,0.62
3.2096753120422363,0.31,0.16,0.38,0.51
3.211149215698242,0.23,0.15,0.39,0.47
3.225241184234619,0.23,0.16,0.32,0.42
3.2280142307281494,0.27,0.24,0.31,0.47
3.2410831451416016,0.28,0.33,0.33,0.54
3.242537260055542,0.64,0.26,0.31,0.75
3.2585132122039795,0.68,0.22,0.24,0.75
3.259793281555176,0.6,0.23,0.28,0.7
3.3502931594848633,0.76,0.29,0.44,0.92
3.3517303466796875,0.71,0.31,0.39,0.86
3.357605218887329,0.44,0.2,0.63,0.79
3.359013319015503,0.31,0.15,0.94,1.0
3.375145435333252,0.29,0.22,0.81,0.88
3.3765692710876465,0.3,0.12,0.58,0.66
3.3905692100524902,0.35,-0.06,0.53,0.63
3.3919601440429688,0.41,0.07,0.56,0.69
3.407991409301758,0.64,0.29,0.61,0.93
3.4094672203063965,1.35,0.21,0.58,1.48
3.427354335784912,1.47,0.14,0.24,1.49
3.5169200897216797,0.97,0.1,0.03,0.97
3.518683433532715,0.33,-0.15,0.18,0.4
3.525637149810791,-0.39,-0.52,0.6,0.88
3.527132272720337,-0.64,-0.73,1.01,1.4
3.54172420501709,-0.4,-0.62,1.09,1.31
3.54313325881958,-0.08,-0.4,1.02,1.09
3.5569534301757812,0.2,-0.25,0.82,0.88
3.5583252906799316,0.44,-0.04,0.5,0.66
3.573735237121582,0.54,0.33,0.36,0.72
3.5751214027404785,0.99,0.58,0.52,1.25
3.663703203201294,2.19,0.32,0.16,2.21
3.665175437927246,2.2,0.12,-0.86,2.36
3.6767492294311523,1.43,0.08,-0.73,1.6
3.6781632900238037,0.92,0.16,-0.23,0.96
3.6921701431274414,0.69,0.18,0.08,0.71
3.6935901641845703,0.61,0.06,0.32,0.69
3.7071890830993652,0.56,0.07,0.35,0.66
3.708465099334717,0.47,0.19,0.33,0.6
3.7238364219665527,0.4,0.3,0.37,0.62
3.725328207015991,0.26,0.48,0.32,0.63
3.8145761489868164,0.22,0.61,0.23,0.68
3.8161752223968506,0.34,0.62,0.15,0.72
3.826334238052368,0.63,0.5,0.09,0.8
3.827789306640625,1.08,0.35,-0.19,1.15
3.8425703048706055,1.06,0.28,-0.56,1.23
3.8440322875976562,0.64,0.18,-0.44,0.79
3.8573384284973145,0.32,0.1,-0.09,0.34
3.8586883544921875,0.04,-0.01,0.21,0.21
3.8743324279785156,-0.48,-0.25,0.43,0.69
3.875753402709961,-1.05,-0.64,0.67,1.4
3.9643232822418213,-1.36,-0.85,1.1,1.94
3.9659032821655273,-0.98,-0.79,1.55,1.99
3.9765942096710205,-0.06,-0.84,1.8,1.98
3.97798228263855,0.71,-0.89,1.41,1.81
3.992709159851074,0.57,-0.75,0.73,1.19
3.99410343170166,-0.48,-0.45,0.5,0.82
4.00740122795105,-1.54,-0.03,0.71,1.69
4.008747100830078,-1.94,0.55,0.49,2.07
4.024011135101318,-1.27,0.8,-0.71,1.66
4.025412082672119,-0.13,0.55,-2.25,2.31
4.114112377166748,0.98,0.22,-2.99,3.15
4.1156463623046875,1.73,0.05,-2.42,2.97
4.12731409072876,2.07,0.13,-1.25,2.42
4.128810405731201,2.14,0.68,-0.76,2.37
4.143722295761108,1.84,1.12,-0.75,2.28
4.1451263427734375,1.83,0.56,-0.28,1.93
4.1572582721710205,1.67,-0.69,0.91,2.02
4.1585893630981445,1.1,-1.75,1.99,2.86
4.174022197723389,-0.23,-1.83,2.62,3.2
4.175398349761963,-1.49,-1.04,2.65,3.21
4.264350414276123,-1.97,-0.15,1.76,2.64
4.265942096710205,-1.63,0.35,0.63,1.78
4.276209354400635,-0.59,0.39,-0.31,0.77
4.277640342712402,0.15,0.21,-1.28,1.3
4.291825294494629,-0.08,0.16,-1.66,1.66
4.293243408203125,-0.96,0.21,-1.21,1.55
4.307377338409424,-1.36,-0.09,-0.65,1.51
4.308679103851318,-1.37,-0.48,-0.53,1.54
4.3241071701049805,-1.45,-0.69,-0.22,1.62
4.325562238693237,-1.22,-0.66,0.18,1.39
4.414703369140625,-0.76,-0.28,0.24,0.84
4.416254281997681,-0.31,0.04,-0.04,0.31
4.426631212234497,0.07,0.16,-0.47,0.5
4.428069114685059,0.51,0.27,-0.92,1.08
4.4425272941589355,0.84,0.22,-0.99,1.31
4.443985223770142,1.08,0.18,-0.75,1.32
4.45753026008606,1.26,0.24,-0.51,1.38
4.458869218826294,1.23,0.35,-0.15,1.28
4.473775386810303,1.1,0.22,0.39,1.18
4.4750893115997314,1.0,0.02,0.7,1.22
4.563955307006836,1.1,-0.19,0.51,1.22
4.565280437469482,1.04,-0.24,0.15,1.07
4.5773820877075195,1.01,-0.12,0.34,1.07
4.578612327575684,1.03,-0.12,0.36,1.09
4.59344220161438,0.64,-0.06,0.3,0.7
4.594898223876953,0.52,0.05,0.39,0.65
4.608281135559082,0.63,-0.06,0.06,0.63
4.609622240066528,0.4,-0.08,-0.31,0.51
4.624087333679199,0.03,0.15,-0.41,0.43
4.62548828125,-0.24,0.21,-0.32,0.45
4.642041206359863,-0.43,-0.01,-0.12,0.44
4.7311952114105225,-0.51,-0.17,-0.12,0.55
4.732783317565918,-0.27,-0.28,-0.21,0.44
4.743380308151245,-0.17,-0.31,-0.36,0.5
4.744848251342773,-0.23,-0.18,0.08,0.3
4.759563207626343,-0.32,-0.18,0.41,0.55
4.760926246643066,-0.53,-0.31,0.32,0.69
4.774306297302246,-0.43,-0.53,0.14,0.69
4.775519371032715,-0.59,-0.45,-0.21,0.77
4.791161298751831,-1.14,-0.05,-0.31,1.18
4.792631149291992,-1.66,0.11,-0.28,1.68
4.882228374481201,-2.12,-0.25,-0.51,2.19
4.883748292922974,-2.63,-1.0,-0.76,2.91
4.89370322227478,-3.46,-1.4,-0.81,3.81
4.895077228546143,-4.57,-1.05,-0.44,4.7
4.909409284591675,-5.78,-1.02,0.3,5.87
4.910824298858643,-6.96,-1.29,0.87,7.13
4.924499273300171,-7.02,-1.47,0.64,7.2
4.925937175750732,-5.73,-1.61,0.36,5.96
4.940685272216797,-3.97,-1.57,0.66,4.31
4.941983222961426,-2.81,-1.33,0.65,3.17
5.0309412479400635,-1.63,-1.0,0.18,1.92
5.032442092895508,0.21,-1.24,-0.57,1.38
5.043853282928467,2.04,-2.2,-1.66,3.42
5.045266151428223,3.36,-3.23,-4.9,6.76
5.058694362640381,1.05,-4.73,-3.67,6.07
5.060218334197998,-2.12,-7.26,-0.47,7.57
5.074894428253174,-5.69,-8.34,0.02,10.09
5.076312303543091,-8.21,-7.21,1.49,11.02
5.091546297073364,-7.84,-5.23,1.44,9.53
5.092950344085693,-7.38,-3.17,0.55,8.05
5.170741319656372,-6.59,-1.82,0.63,6.86
5.172285318374634,-5.46,-1.1,0.55,5.59
5.174225330352783,-4.34,-0.66,0.26,4.39
5.193375110626221,-3.14,-0.03,0.31,3.15
5.194822311401367,-1.9,0.94,0.41,2.15
5.207534313201904,0.03,1.97,0.52,2.03
5.208856105804443,1.96,2.39,-0.35,3.11
5.224973201751709,1.54,2.35,-1.57,3.21
5.226413249969482,-0.87,2.2,-1.64,2.87
5.241587162017822,-3.34,2.16,-0.68,4.03
5.319295406341553,-4.77,2.45,0.51,5.38
5.321103096008301,-5.05,3.0,1.26,6.0
5.324472427368164,-4.83,3.55,1.09,6.09
5.343075275421143,-4.48,4.06,0.76,6.09
5.344318389892578,-3.85,4.55,0.84,6.01
5.357889175415039,-3.07,4.78,1.05,5.77
5.359184265136719,-2.48,4.66,1.12,5.39
5.374280214309692,-2.1,4.33,1.14,4.94
5.3755693435668945,-1.92,3.89,1.08,4.47
5.393913269042969,-1.84,3.47,0.92,4.03
5.472143173217773,-1.8,2.99,0.8,3.58
5.474002361297607,-1.8,2.44,0.69,3.1
5.4929022789001465,-1.73,1.95,0.73,2.7
5.494406223297119,-1.51,1.7,0.97,2.47
5.507768154144287,-1.25,1.56,1.03,2.24
5.5094313621521,-0.91,1.29,0.92,1.82
5.523917198181152,-0.19,0.75,0.66,1.01
5.525317192077637,0.73,-0.06,0.12,0.74
5.541569232940674,1.37,-1.09,-0.5,1.82
5.543098211288452,2.05,-2.3,-0.87,3.2
5.621443271636963,2.81,-3.38,-1.04,4.51
5.623108386993408,2.95,-3.58,-1.09,4.76
5.645561218261719,2.87,-3.14,-1.06,4.38
5.647122383117676,3.24,-3.19,-1.2,4.7
5.659317255020142,3.66,-3.42,-1.11,5.13
5.6607513427734375,4.23,-3.59,-0.84,5.61
5.674394130706787,4.91,-3.67,-0.56,6.15
5.675710201263428,5.85,-3.33,-0.26,6.73
5.6912453174591064,7.3,-2.84,-0.36,7.84
5.692599296569824,8.13,-1.79,-0.83,8.36
5.770776271820068,7.97,-0.62,-0.4,8.0
5.77239727973938,8.09,-0.56,-0.22,8.11
5.774674415588379,7.09,-0.8,-1.01,7.2
5.792055130004883,6.58,-1.24,-0.89,6.75
5.793581247329712,6.16,-1.38,-0.62,6.34
5.80733323097229,4.11,-1.33,-0.17,4.32
5.808655261993408,1.43,-2.05,1.21,2.77
5.824494361877441,-2.47,-2.64,1.68,3.98
5.82579231262207,-7.95,-1.97,2.95,8.7
5.841722249984741,-11.46,-1.55,7.49,13.77
5.843148231506348,-6.48,-3.22,10.07,12.4
5.915316104888916,2.69,-4.04,6.29,7.94
5.9168922901153564,7.08,-2.24,-0.24,7.42
5.927422285079956,6.01,0.01,-5.45,8.11
5.928905248641968,2.47,1.28,-3.73,4.65
5.943408250808716,0.02,0.72,-1.85,1.98
5.944826126098633,-0.78,-0.44,-3.66,3.76
5.9581382274627686,0.1,-0.28,-4.52,4.52
5.959548234939575,2.13,0.61,-3.06,3.77
5.974839210510254,4.41,1.08,-1.5,4.78
5.976130247116089,5.45,1.62,-0.22,5.68
6.048054218292236,4.08,1.37,1.6,4.59
6.0496392250061035,1.21,-0.24,3.58,3.78
6.060513257980347,-1.52,-1.8,3.79,4.46
6.061979293823242,-2.39,-2.21,2.74,4.25
6.076411247253418,-1.48,-1.48,1.42,2.52
6.077814102172852,-0.07,-0.57,0.11,0.58
6.091393232345581,1.26,0.38,-1.77,2.2
6.09270715713501,2.44,1.04,-3.58,4.45
6.108251094818115,3.12,0.78,-3.34,4.63
6.109530210494995,2.48,0.22,-1.87,3.11
6.181591272354126,1.15,0.07,-0.85,1.43
6.1832404136657715,-0.07,0.31,-0.48,0.57
6.194796085357666,-0.82,0.36,0.78,1.18
6.196300268173218,-0.27,-0.37,1.69,1.75
6.209981203079224,1.11,-1.05,1.84,2.39
6.211381435394287,2.02,-0.86,1.76,2.81
6.225212097167969,1.95,-0.26,0.91,2.16
6.226579189300537,1.26,0.18,0.44,1.34
6.241753101348877,0.57,0.35,0.13,0.68
6.243183135986328,0.18,0.29,-0.46,0.57
6.314784288406372,-0.2,0.37,-0.55,0.69
6.3163580894470215,-0.13,0.49,-0.09,0.51
6.326934337615967,0.09,0.41,-0.03,0.42
6.328408241271973,-0.55,0.11,0.17,0.58
6.343795299530029,-1.72,-0.13,0.23,1.74
6.3452863693237305,-2.02,-0.39,0.15,2.06
6.358445167541504,-0.99,-0.68,0.44,1.27
6.359777212142944,0.09,-0.64,0.14,0.66
6.377735137939453,0.28,-0.42,-0.33,0.6
6.379159212112427,-0.12,-0.17,-0.62,0.65
6.451099395751953,-0.59,-0.04,-0.45,0.74
6.452648162841797,-1.02,-0.06,-0.41,1.1
6.458348274230957,-1.33,0.07,-0.33,1.37
6.46013331413269,-1.46,0.25,0.09,1.48
6.4764533042907715,-1.64,0.07,0.1,1.64
6.4778971672058105,-1.9,-0.5,0.11,1.96
6.49184513092041,-1.99,-0.98,0.07,2.21
6.493268251419067,-1.74,-1.25,0.12,2.14
6.5086493492126465,-1.48,-1.03,0.31,1.82
6.510004281997681,-1.88,-0.62,0.27,1.99
6.58233118057251,-2.47,-0.62,0.11,2.54
6.583865165710449,-2.89,-1.04,0.22,3.07
6.592721223831177,-3.35,-1.43,0.23,3.64
6.594147205352783,-3.84,-1.72,0.02,4.2
6.609923362731934,-3.8,-2.15,0.19,4.37
6.6113433837890625,-3.37,-2.77,0.04,4.36
6.6252641677856445,-3.25,-3.58,-0.14,4.83
6.626618385314941,-3.59,-4.66,-0.01,5.88
6.642275333404541,-4.37,-5.61,0.19,7.11
6.643656253814697,-4.97,-6.14,0.34,7.9
6.715051174163818,-5.4,-6.53,0.63,8.49
6.716598272323608,-5.89,-7.09,1.23,9.29
6.727423191070557,-5.48,-7.6,1.45,9.48
6.728872299194336,-4.26,-8.02,0.49,9.09
6.74368143081665,-2.81,-8.94,-0.78,9.4
6.745089292526245,-2.2,-9.79,-0.81,10.06
6.758516311645508,-4.13,-8.46,-0.56,9.43
6.759858131408691,-7.21,-4.57,-1.44,8.65
6.775142192840576,-7.23,-1.92,-0.67,7.51
6.776512145996094,-5.7,-0.57,0.6,5.75
6.8470282554626465,-6.11,0.24,1.07,6.2
6.848575115203857,-7.03,0.36,2.88,7.6
6.861497402191162,-6.5,0.76,3.27,7.31
6.862924098968506,-3.48,1.98,2.46,4.69
6.876488208770752,0.36,3.36,0.36,3.39
6.877883434295654,2.31,3.61,-2.36,4.89
6.89234733581543,1.67,2.79,-2.95,4.39
6.893679141998291,0.78,2.34,-1.59,2.93
6.908899307250977,0.15,2.77,0.4,2.8
6.9102864265441895,-1.1,3.71,1.76,4.25
6.925192356109619,-2.7,4.97,2.04,6.01
6.995419263839722,-4.13,6.07,1.43,7.47
6.997134208679199,-5.1,6.47,0.96,8.29
7.012123107910156,-5.45,6.15,0.64,8.24
7.013544082641602,-5.18,5.16,0.44,7.32
7.025925159454346,-4.28,3.83,0.65,5.78
7.027335166931152,-3.15,2.76,0.83,4.26
7.0420331954956055,-1.96,2.18,1.24,3.18
7.043349266052246,-1.18,2.28,1.49,2.96
7.058505296707153,-0.67,2.74,1.34,3.12
7.059857368469238,-0.21,3.2,0.86,3.32
7.130646228790283,0.12,3.49,0.46,3.52
7.132211208343506,0.13,3.73,0.16,3.73
7.145239353179932,-0.09,3.7,0.14,3.7
7.146677255630493,-0.54,3.41,0.25,3.46
7.160746097564697,-0.91,2.83,0.64,3.04
7.1621482372283936,-1.03,2.09,1.05,2.55
7.175311088562012,-0.9,1.29,1.12,1.93
7.1766533851623535,-0.48,0.23,0.83,0.98
7.191826343536377,0.07,-1.08,0.1,1.08
7.193122386932373,0.51,-2.42,-0.59,2.54
7.263205289840698,1.27,-3.61,-1.12,3.98
7.264798164367676,2.69,-4.71,-1.9,5.74
7.278348207473755,3.89,-5.68,-2.85,7.45
7.279728412628174,4.7,-6.33,-3.27,8.53
7.293305397033691,5.18,-6.0,-3.42,8.63
7.294804096221924,5.24,-4.42,-2.79,7.4
7.309133291244507,6.58,-3.11,-2.36,7.65
7.310539245605469,8.82,-2.35,-2.67,9.51
7.325689315795898,10.07,-1.82,-2.9,10.63
7.327088356018066,8.83,-1.5,-2.32,9.25
7.3980231285095215,6.93,-1.52,-1.01,7.16
7.399508237838745,5.8,-1.54,-0.09,6.0
7.413599252700806,5.38,-1.67,0.23,5.63
7.415064334869385,5.02,-1.59,1.14,5.38
7.427305221557617,4.32,-1.03,2.2,4.95
7.428756237030029,3.29,-0.86,2.78,4.39
7.443746089935303,1.23,-1.31,3.38,3.82
7.445288181304932,-3.17,-2.64,4.53,6.12
7.460204124450684,-9.05,-3.67,6.67,11.82
7.461719274520874,-13.22,-3.98,10.42,17.29
7.5222742557525635,-7.3,-5.46,10.11,13.61
7.523739337921143,3.46,-5.56,5.17,8.34
7.525481224060059,9.67,-3.51,-1.77,10.43
7.544595241546631,9.99,-0.99,-12.42,15.96
7.545987129211426,7.08,0.66,-13.53,15.28
7.559771299362183,4.8,0.98,2.22,5.37
7.56118631362915,5.26,1.02,2.06,5.74
7.576098203659058,7.05,1.34,-6.78,9.87
7.577446222305298,6.87,0.71,-3.18,7.6
7.5924201011657715,3.3,-0.35,5.3,6.25
7.652125358581543,-1.51,-0.73,3.91,4.25
7.65382719039917,-3.91,-0.78,0.14,3.98
7.658944129943848,-1.84,-1.58,1.73,2.97
7.660766124725342,0.58,-1.6,1.03,1.98
7.677321434020996,0.93,-0.47,-2.1,2.34
7.678706169128418,2.14,0.3,-2.36,3.19
7.6925952434539795,3.33,0.48,-1.62,3.73
7.6939473152160645,2.45,0.53,-1.46,2.9
7.70893931388855,0.45,0.46,-0.41,0.76
7.710337162017822,-0.87,0.22,0.54,1.04
7.771262168884277,-0.7,-0.01,0.71,0.99
7.772907257080078,0.15,-0.08,0.53,0.55
7.775641202926636,0.84,-0.02,0.3,0.89
7.7943243980407715,1.26,0.14,-0.17,1.27
7.795720100402832,1.58,0.22,-0.37,1.63
7.8093461990356445,1.74,0.2,-0.06,1.75
7.810647249221802,1.34,0.27,0.02,1.36
7.825798273086548,0.81,0.44,-0.03,0.92
7.827085256576538,0.68,0.44,0.14,0.82
7.842464208602905,0.48,0.41,0.12,0.64
7.9024553298950195,0.08,0.42,-0.12,0.44
7.904245376586914,-0.12,0.26,-0.17,0.33
7.909578323364258,-0.04,0.11,-0.26,0.28
7.911086082458496,0.28,-0.01,-0.5,0.57
7.9276392459869385,0.42,-0.06,-0.29,0.51
7.929054260253906,0.38,-0.01,-0.05,0.38
7.942244291305542,0.26,0.02,0.19,0.32
7.94355320930481,-0.02,-0.07,0.19,0.2
7.959243297576904,-0.32,-0.25,0.1,0.41
7.960517406463623,-0.45,-0.39,-0.2,0.62
7.975587368011475,-0.39,-0.58,-0.42,0.81
8.035709381103516,-0.15,-0.63,-0.41,0.76
8.037501335144043,0.24,-0.44,-0.18,0.53
8.043560266494751,0.51,-0.12,0.13,0.53
8.044824123382568,0.43,0.17,0.0,0.46
8.061054229736328,0.03,0.22,-0.31,0.38
8.062425136566162,-0.25,0.13,-0.68,0.73
8.075576305389404,0.18,0.09,-1.14,1.15
8.076889276504517,0.51,0.13,-1.39,1.48
8.092881202697754,0.34,0.29,-1.41,1.47
8.094233274459839,-0.02,0.5,-1.54,1.61
8.155084133148193,-0.4,0.62,-1.65,1.8
8.156675338745117,-0.68,0.48,-1.84,2.01
8.159290313720703,-0.6,0.06,-1.46,1.57
8.17830228805542,-0.15,-0.37,-0.73,0.83
8.17993426322937,0.14,-0.53,-0.15,0.56
8.193583250045776,0.17,-0.65,0.23,0.71
8.195030212402344,0.14,-1.09,0.21,1.11
8.209487438201904,-0.08,-1.93,-0.2,1.94
8.210830211639404,-0.26,-2.52,-0.73,2.63
8.225682258605957,0.05,-2.4,-1.0,2.6
8.286048412322998,1.03,-1.84,-0.91,2.29
8.287849426269531,1.79,-1.17,-0.98,2.35
8.29263424873352,1.53,-0.37,-1.51,2.18
8.294398307800293,0.9,0.29,-1.89,2.11
8.311099290847778,0.79,0.73,-2.31,2.54
8.312514305114746,0.88,0.77,-2.47,2.73
8.32634425163269,0.59,0.68,-2.4,2.56
8.327743291854858,-0.08,0.77,-2.3,2.42
8.345522403717041,-0.65,0.97,-2.23,2.51
8.346978187561035,-1.1,1.11,-2.14,2.64
8.407043218612671,-1.52,1.35,-1.71,2.65
8.408616304397583,-1.47,1.66,-1.24,2.54
8.429320335388184,-1.17,1.94,-0.94,2.45
8.43069839477539,-0.95,2.14,-0.56,2.4
8.444301128387451,-0.75,2.15,-0.03,2.27
8.445736408233643,-0.4,1.81,0.3,1.87
8.459590435028076,-0.16,1.32,0.31,1.36
8.46092939376831,0.22,0.93,0.4,1.03
8.476171255111694,0.74,0.62,0.18,0.98
8.477496147155762,0.77,0.54,-0.08,0.94
8.537573337554932,0.52,0.77,0.03,0.92
8.539204120635986,0.26,1.07,0.13,1.1
8.542919158935547,-0.1,1.21,0.32,1.25
8.544562339782715,-0.33,1.24,0.66,1.44
8.560933113098145,-0.3,0.94,0.63,1.17
8.56233525276184,-0.21,0.33,0.25,0.46
8.576293230056763,-0.47,0.08,0.18,0.5
8.577581405639648,-1.05,0.22,0.6,1.22
8.592819213867188,-1.48,0.25,1.09,1.85
8.594279289245605,-1.31,-0.03,1.69,2.13
8.655271291732788,-0.96,-0.27,2.07,2.29
8.656867265701294,-0.78,-0.28,1.98,2.14
8.65936827659607,-0.74,-0.15,1.75,1.9
8.67805814743042,-0.66,-0.26,1.3,1.48
8.679501295089722,-0.42,-0.34,0.88,1.03
8.692654132843018,0.04,-0.26,0.51,0.57
8.694015264511108,1.01,-0.56,-0.27,1.18
8.709701299667358,1.46,-0.6,-1.09,1.91
8.71103024482727,1.38,-0.22,-1.49,2.04
8.726670265197754,0.93,0.33,-1.96,2.19
8.787371158599854,0.26,0.6,-1.8,1.91
8.789199352264404,0.11,0.38,-1.05,1.12
8.793018341064453,0.72,0.05,-0.97,1.2
8.794758319854736,1.4,0.23,-1.31,1.93
8.8109130859375,1.46,0.61,-1.42,2.12
8.81232213973999,0.73,0.83,-1.12,1.57
8.826568126678467,-0.6,0.75,-0.41,1.04
8.827941417694092,-1.87,0.59,0.75,2.09
8.84319019317627,-2.25,0.59,1.98,3.05
8.844431400299072,-2.11,0.73,2.02,3.01
8.906084299087524,-4.24,0.91,0.97,4.44
8.907629251480103,-7.55,0.83,2.95,8.14
8.909382343292236,-8.72,0.47,4.38,9.76
8.928636312484741,-6.44,-0.54,2.28,6.85
8.929988384246826,-6.35,-0.54,2.29,6.77
8.942592144012451,-2.12,-2.47,-0.31,3.26
8.943912267684937,1.74,-3.74,-1.58,4.41
8.95948314666748,3.64,-2.59,-2.21,4.98
8.960789203643799,2.96,-0.22,-2.21,3.7
8.976515293121338,1.37,1.16,-1.73,2.49
8.977870225906372,0.5,1.31,-1.36,1.95
9.039702415466309,-0.18,1.06,-0.89,1.39
9.041268348693848,-1.0,0.61,-0.13,1.17
9.062629222869873,-1.67,0.02,0.58,1.76
9.064077377319336,-2.18,-0.41,1.36,2.6
9.077879428863525,-2.42,-0.42,1.86,3.08
9.079235315322876,-2.43,-0.25,1.86,3.07
9.093124389648438,-2.09,-0.18,1.49,2.57
9.094447135925293,-1.72,-0.07,1.04,2.01
9.109482288360596,-1.61,0.06,0.7,1.75
9.110808372497559,-1.25,-0.03,-0.06,1.25
9.172847270965576,-0.25,-0.28,-0.64,0.74
9.174415111541748,0.65,-0.33,-1.02,1.25
9.176408290863037,0.65,-0.04,-1.3,1.45
9.194750308990479,-0.3,0.27,-0.93,1.01
9.196160316467285,-1.31,0.47,-0.5,1.47
9.20998239517212,-1.86,0.52,-0.3,1.95
9.211334228515625,-1.7,0.29,-0.04,1.72
9.226993083953857,-1.15,-0.13,-0.02,1.15
9.228406429290771,-0.44,-0.36,-0.08,0.57
9.24373722076416,0.2,-0.45,-0.12,0.5
9.305503368377686,0.59,-0.55,-0.16,0.82
9.307281255722046,0.95,-0.51,-0.29,1.11
9.309632301330566,1.03,-0.33,-0.34,1.13
9.33014440536499,0.73,-0.11,-0.17,0.75
9.331614255905151,0.47,-0.01,-0.03,0.47
9.344432353973389,0.48,0.03,-0.13,0.49
9.345865249633789,0.41,0.1,-0.16,0.45
9.361401319503784,0.48,0.22,-0.15,0.54
9.362906217575073,0.26,0.47,-0.24,0.58
9.377140283584595,0.02,0.33,0.05,0.33
9.439235210418701,0.28,-0.13,-0.04,0.31
9.440683364868164,-0.01,-0.19,-0.24,0.3
9.443899154663086,-0.25,-0.08,-0.12,0.28
9.460989236831665,-0.38,0.13,-0.11,0.41
9.462477207183838,-0.63,0.06,-0.15,0.65
9.476166248321533,-0.66,-0.23,0.04,0.7
9.477497100830078,-0.38,-0.42,-0.08,0.57
9.49359130859375,-0.26,-0.39,-0.23,0.52
9.494954109191895,-0.17,-0.25,-0.42,0.51
9.510661125183105,-0.06,-0.08,-0.67,0.67
9.573126316070557,-0.07,0.03,-0.72,0.72
9.574572086334229,0.16,0.05,-0.84,0.85
9.576552391052246,0.49,-0.13,-0.92,1.05
9.595168113708496,0.25,-0.17,-0.65,0.71
9.596599102020264,-0.45,-0.1,-0.22,0.51
9.610258102416992,-0.81,-0.21,0.04,0.83
9.61163330078125,-0.43,-0.24,-0.12,0.5
9.626309394836426,0.24,-0.04,-0.27,0.36
9.627668380737305,0.71,0.02,-0.1,0.71
9.643369197845459,0.72,0.08,0.18,0.74
9.705920219421387,0.85,0.15,0.03,0.86
9.707734107971191,0.76,0.17,-0.06,0.78
9.710143089294434,0.22,0.2,0.58,0.65
9.728663206100464,-0.55,0.27,0.58,0.84
9.730009317398071,-1.02,0.17,-0.34,1.08
9.74329137802124,-0.33,-0.2,-0.43,0.57
9.744648218154907,0.58,-0.25,0.04,0.63
9.760326385498047,0.98,-0.08,-0.12,0.99
9.761723279953003,1.22,-0.06,-0.4,1.28
9.777024269104004,1.07,0.01,0.15,1.08
9.778394222259521,0.5,0.17,0.17,0.55
9.840731143951416,0.06,0.22,-0.3,0.37
9.842301368713379,-0.08,0.09,-0.21,0.24
9.863391399383545,-0.06,-0.09,-0.33,0.34
9.864862203598022,-0.17,-0.01,-0.43,0.46
9.878426313400269,-0.26,0.08,-0.77,0.81
9.87986421585083,-0.13,-0.09,-0.39,0.42
9.89332127571106,-0.12,-0.21,-0.34,0.41
9.894644260406494,-0.3,-0.18,-0.65,0.73
9.910397291183472,-0.01,-0.01,-0.61,0.61
9.911815166473389,0.61,0.06,-0.83,1.03
9.974116325378418,0.74,-0.15,-0.59,0.95
9.975621223449707,0.05,-0.05,-0.1,0.12
9.996981143951416,-0.78,0.21,-0.17,0.82
9.998411178588867,-1.56,0.05,-0.11,1.56
10.011749267578125,-1.87,-0.2,-0.11,1.88
10.013069152832031,-1.63,-0.15,-0.71,1.78
10.026992321014404,-0.89,-0.08,-0.82,1.21
10.028310298919678,-0.15,0.1,-0.54,0.56
10.043343305587769,-0.13,0.33,-0.56,0.66
10.044680118560791,-0.53,0.25,-0.42,0.72
10.107553243637085,-0.62,0.01,-0.25,0.66
10.109129428863525,0.1,-0.06,-0.59,0.6
10.12997031211853,1.18,-0.16,-1.08,1.6
10.131414413452148,1.35,-0.14,-1.21,1.81
10.144804239273071,0.77,0.14,-1.03,1.29
10.146213293075562,0.31,0.4,-1.01,1.12
10.160665273666382,-0.18,0.19,-0.87,0.9
10.162110328674316,-0.96,-0.17,-0.79,1.25
10.177505254745483,-0.79,-0.32,-0.64,1.06
10.178913116455078,-0.06,-0.36,-0.31,0.47
10.242317199707031,0.39,-0.38,-0.01,0.54
10.243840217590332,0.66,-0.4,-0.17,0.79
10.262773275375366,0.5,-0.53,-0.33,0.79
10.264042377471924,0.26,-0.7,-0.45,0.87
10.27851915359497,0.38,-0.75,-0.67,1.07
10.279990196228027,0.68,-0.78,-0.76,1.28
10.293314218521118,0.87,-0.88,-1.21,1.73
10.294652223587036,1.2,-1.08,-1.9,2.49
10.311952114105225,1.91,-0.89,-2.4,3.19
10.31341028213501,2.63,-0.45,-2.86,3.91
10.376622200012207,3.15,-0.12,-3.35,4.59
10.378239154815674,3.69,-0.17,-3.96,5.41
10.39725923538208,4.07,-0.41,-4.72,6.24
10.398670196533203,3.5,-0.07,-4.92,6.03
10.411500215530396,3.07,0.59,-5.04,5.93
10.412906169891357,2.57,1.3,-5.65,6.34
10.427646160125732,1.8,1.85,-6.79,7.26
10.429060220718384,1.74,2.34,-8.68,9.15
10.44391131401062,2.33,3.08,-10.13,10.84
10.445289134979248,3.43,3.66,-9.84,11.04
10.50838828086853,3.97,3.03,-8.39,9.76
10.50990343093872,3.28,1.27,-7.2,8.01
10.530657291412354,3.28,-0.38,-7.1,7.83
10.531976222991943,3.53,-1.17,-5.84,6.92
10.545580387115479,2.73,-1.23,-4.18,5.14
10.5470712184906,1.4,-0.61,-3.57,3.88
10.560502290725708,-0.44,0.39,-3.43,3.48
10.561843395233154,-1.73,0.91,-2.97,3.55
10.577163219451904,-1.6,0.72,-1.95,2.62
10.578440189361572,-0.76,0.14,-1.52,1.7
10.641634225845337,-0.17,-0.53,-1.28,1.39
10.643195152282715,0.78,-1.05,-0.6,1.43
10.663358211517334,1.5,-1.03,-0.04,1.82
10.664796352386475,1.46,-1.02,0.46,1.83
10.679051399230957,1.03,-1.01,1.16,1.85
10.680455207824707,0.81,-0.87,1.17,1.66
10.693922281265259,1.3,-0.58,0.74,1.6
10.695379257202148,2.22,-0.4,-0.01,2.25
10.710710287094116,2.38,-0.39,-0.74,2.52
10.71206021308899,1.71,-0.38,-0.74,1.9
10.776020288467407,0.91,-0.46,-0.62,1.19
10.777590274810791,0.17,-0.4,-0.69,0.81
10.797564268112183,-0.24,-0.26,-0.51,0.62
10.799002170562744,-0.3,-0.24,-0.44,0.58
10.81269121170044,-0.22,-0.28,-0.44,0.56
10.814033269882202,-0.34,-0.29,-0.51,0.67
10.82761812210083,-0.62,-0.36,-0.53,0.89
10.829090118408203,-0.72,-0.5,-0.51,1.01
10.844202280044556,-0.78,-0.64,-0.59,1.16
10.845584392547607,-1.02,-0.76,-0.53,1.37
10.860903263092041,-1.1,-0.88,-0.52,1.5
10.924488306045532,-1.22,-0.7,-0.67,1.55
10.926342248916626,-1.39,-0.36,-0.72,1.6
10.946683406829834,-1.5,-0.26,-0.77,1.7
10.948103427886963,-1.59,-0.35,-0.87,1.84
10.961912155151367,-1.61,-0.51,-0.95,1.93
10.963343143463135,-1.49,-0.65,-1.17,2.0
10.97708511352539,-1.37,-0.65,-1.34,2.02
10.978341102600098,-1.28,-0.59,-1.39,1.97
10.99381422996521,-1.18,-0.51,-1.48,1.96
10.995151281356812,-1.2,-0.44,-1.79,2.19
11.058748245239258,-1.46,-0.4,-2.0,2.5
11.060203313827515,-1.77,-0.4,-2.08,2.76
11.08106517791748,-1.9,-0.4,-2.16,2.9
11.08240032196045,-1.8,-0.48,-2.19,2.87
11.095234394073486,-1.74,-0.46,-2.31,2.92
11.096623420715332,-1.68,-0.3,-2.38,2.92
11.111727237701416,-1.84,-0.15,-2.6,3.18
11.113254308700562,-2.16,-0.01,-2.71,3.46
11.128355264663696,-2.4,0.18,-2.61,3.55
11.129699230194092,-2.55,0.36,-2.61,3.66
11.193284273147583,-2.96,0.47,-2.66,4.0
11.19490122795105,-3.52,0.52,-2.45,4.32
11.213480234146118,-3.8,0.64,-2.21,4.44
11.21491527557373,-4.01,0.9,-1.85,4.5
11.228870391845703,-3.62,0.97,-1.51,4.04
11.23033618927002,-3.56,1.12,-1.78,4.13
11.243994235992432,-3.9,1.35,-1.62,4.43
11.245321273803711,-3.43,1.39,-1.47,3.98
11.261022090911865,-2.51,1.01,-2.18,3.47
11.262376308441162,-2.31,0.48,-2.6,3.51
11.326093196868896,-2.4,0.09,-1.77,2.98
11.32765531539917,-2.61,-0.15,-1.28,2.91
11.347520351409912,-2.64,-0.27,-2.01,3.32
11.348971366882324,-2.09,-0.06,-2.93,3.59
11.36244821548462,-2.5,0.55,-4.46,5.14
11.36392331123352,-3.63,1.13,-5.59,6.76
11.377991199493408,-1.93,0.61,-5.79,6.13
11.379371166229248,0.53,0.04,-5.27,5.29
11.393965244293213,0.19,0.36,-4.26,4.27
11.395293235778809,-0.22,0.52,-4.53,4.56
11.45813512802124,0.23,0.22,-3.05,3.06
11.459702253341675,-0.86,-0.72,0.35,1.17
11.480775356292725,-3.66,-2.25,3.98,5.85
11.482245206832886,-5.85,-4.22,8.45,11.11
11.495151281356812,-6.6,-4.54,7.91,11.25
11.496663093566895,-6.42,-2.19,4.64,8.21
11.511006355285645,-4.12,-0.84,2.41,4.84
11.51233720779419,-0.25,-0.89,-0.04,0.92
11.527762413024902,2.41,-0.64,-2.57,3.58
11.529099225997925,2.52,0.14,-3.67,4.45
11.592128276824951,0.79,1.0,-3.07,3.32
11.59364628791809,-1.34,1.52,-2.26,3.03
11.614473342895508,-2.3,1.32,-1.11,2.87
11.615952253341675,-1.8,0.63,-0.22,1.91
11.629215240478516,-0.99,-0.05,-0.6,1.15
11.630593299865723,-0.92,-0.36,-0.86,1.3
11.644517421722412,-0.93,-0.48,-0.8,1.31
11.645861148834229,-0.61,-0.45,-1.41,1.6
11.66097116470337,-0.07,-0.32,-1.75,1.78
11.662313222885132,0.91,-0.32,-1.07,1.44
11.725556373596191,0.96,-0.17,-1.0,1.39
11.727065086364746,0.07,-0.03,-1.1,1.1
11.747441291809082,-0.63,0.04,-0.95,1.14
11.748849391937256,-0.33,-0.15,-0.6,0.7
11.762604236602783,0.2,-0.42,-0.49,0.67
11.76416015625,0.12,-0.29,-0.64,0.71
11.778001308441162,-0.19,-0.01,-0.39,0.43
11.77933120727539,-0.52,0.21,-0.22,0.6
11.794433116912842,-0.46,0.03,-0.21,0.5
11.795820236206055,-0.08,-0.41,-0.09,0.42
11.859475135803223,0.0,-0.3,-0.24,0.38
11.861082315444946,-0.04,0.11,-0.52,0.53
11.880789279937744,-0.36,0.25,-0.56,0.71
11.882228374481201,-0.78,0.37,-0.48,0.98
11.896209239959717,-0.85,0.29,-0.41,0.98
11.897411346435547,-0.59,-0.14,-0.41,0.73
11.911436319351196,0.1,-0.62,0.0,0.62
11.912784099578857,0.76,-0.55,0.35,1.0
11.9274263381958,0.52,-0.19,0.25,0.6
11.928715229034424,0.22,-0.15,0.21,0.33
11.944612264633179,0.25,-0.3,0.5,0.63
12.007902145385742,0.24,-0.4,0.4,0.61
12.00967526435852,0.51,-0.39,0.21,0.67
12.011459350585938,0.62,-0.11,0.13,0.64
12.045388221740723,0.57,0.11,0.08,0.58
12.04684329032898,0.08,0.08,-0.02,0.11
12.061694145202637,-0.7,0.04,-0.08,0.7
12.063096284866333,-1.06,0.04,-0.1,1.06
12.077849388122559,-1.27,0.03,-0.19,1.28
12.079291343688965,-1.19,0.09,-0.28,1.22
12.094727277755737,-0.91,0.12,-0.21,0.94
12.158113241195679,-0.58,-0.01,-0.55,0.79
12.159847259521484,0.06,-0.29,-0.78,0.83
12.181296348571777,0.34,-0.51,-0.85,1.04
12.182750225067139,0.25,-0.56,-1.03,1.19
12.195314407348633,0.29,-0.36,-1.08,1.17
12.196744203567505,0.4,-0.16,-0.99,1.07
12.211388111114502,0.4,0.14,-0.89,0.98
12.212639331817627,0.36,0.4,-0.74,0.91
12.227595329284668,0.22,0.39,-0.45,0.63
12.228912353515625,0.0,0.38,-0.25,0.45
12.293199300765991,-0.16,0.48,-0.25,0.56
12.294653415679932,-0.12,0.51,-0.31,0.6
12.314414262771606,0.04,0.37,-0.42,0.56
12.315874099731445,0.07,0.17,-0.44,0.47
12.328939437866211,-0.12,0.06,-0.37,0.39
12.330555438995361,-0.51,0.01,-0.31,0.59
12.344654083251953,-0.99,-0.19,-0.22,1.03
12.346010208129883,-1.53,-0.47,0.1,1.6
12.361565113067627,-2.18,-0.62,0.54,2.32
12.362966299057007,-2.41,-0.74,0.85,2.66
12.427568435668945,-2.34,-0.8,1.01,2.67
12.429117202758789,-2.39,-0.84,1.03,2.73
12.447933197021484,-2.45,-0.98,1.42,2.99
12.449348211288452,-2.35,-0.92,1.9,3.15
12.462960243225098,-2.15,-0.77,2.16,3.14
12.464385271072388,-1.77,-0.91,2.29,3.03
12.477911233901978,-1.38,-1.14,2.2,2.83
12.479197263717651,-0.92,-1.22,1.92,2.45
12.495471239089966,-0.33,-1.11,1.6,1.97
12.49692440032959,0.6,-1.01,1.42,1.84
12.561280250549316,1.31,-1.14,1.06,2.03
12.562861204147339,1.54,-1.41,1.43,2.53
12.58142614364624,1.49,-1.42,1.96,2.84
12.58289909362793,1.16,-1.17,2.24,2.78
12.596132278442383,0.91,-0.65,2.69,2.91
12.597553253173828,0.75,-0.13,2.84,2.94
12.611517429351807,0.48,0.14,2.97,3.01
12.612825393676758,0.27,0.28,3.26,3.28
12.628300189971924,0.0,0.58,3.29,3.34
12.629614353179932,-0.2,0.87,3.11,3.23
12.694344282150269,-0.45,1.06,2.94,3.15
12.69593620300293,-0.7,1.1,2.7,2.99
12.714597225189209,-0.66,1.02,2.31,2.61
12.716031312942505,-0.54,0.98,1.62,1.96
12.729915142059326,-0.62,0.92,1.07,1.54
12.731292247772217,-0.49,0.82,0.82,1.25
12.744922161102295,-0.21,0.76,0.51,0.93
12.746268272399902,-0.03,0.71,-0.06,0.71
12.7614164352417,-0.02,0.69,-0.73,1.0
12.762715339660645,-0.13,0.59,-1.29,1.42
12.827311277389526,-0.18,0.34,-1.5,1.54
12.828879356384277,-0.13,0.14,-1.68,1.69
12.848247289657593,0.34,0.0,-2.12,2.14
12.849628210067749,1.27,-0.03,-2.72,3.0
12.863612174987793,1.8,0.32,-3.24,3.72
12.865087270736694,2.02,0.66,-3.47,4.06
12.87848424911499,2.0,0.93,-3.52,4.15
12.879912376403809,1.85,1.2,-3.58,4.2
12.895188331604004,1.76,1.34,-3.79,4.38
12.896536350250244,1.72,1.29,-3.97,4.51
12.961000204086304,1.79,1.17,-3.96,4.5
12.962517261505127,2.12,1.16,-3.82,4.52
12.981412410736084,2.5,1.26,-4.07,4.93
12.982863426208496,3.1,1.29,-3.97,5.19
12.99553918838501,4.38,1.16,-4.37,6.29
12.997049331665039,4.22,0.92,-5.88,7.29
13.011598110198975,1.97,0.25,-4.63,5.03
13.012913227081299,-1.3,-0.72,-1.29,1.96
13.028590202331543,-5.25,-1.46,2.14,5.85
13.029941320419312,-8.62,-1.91,4.32,9.82
13.045225143432617,-8.8,-1.85,4.04,9.85
13.109861373901367,-5.3,-1.34,2.69,6.09
13.111640214920044,-1.53,-1.23,0.7,2.08
13.131299257278442,0.83,-1.29,2.25,2.72
13.132749319076538,2.68,-0.78,3.41,4.4
13.14717435836792,3.9,0.48,0.41,3.95
13.14867115020752,4.46,1.27,-1.32,4.82
13.161967277526855,3.67,1.15,-0.31,3.85
13.16322135925293,1.41,0.94,-0.86,1.9
13.17863130569458,-0.23,0.37,-1.19,1.26
13.17998743057251,-0.83,-0.46,-0.2,0.96
13.245559215545654,-1.93,-0.83,-0.22,2.11
13.24710726737976,-3.5,-0.2,-1.58,3.84
13.26719331741333,-3.73,0.41,-2.53,4.52
13.268692255020142,-1.92,0.11,-2.21,2.92
13.279763221740723,0.59,-0.46,-1.68,1.83
13.281252384185791,1.97,-0.26,-1.79,2.67
13.295236110687256,2.23,0.2,-1.33,2.6
13.29655408859253,1.8,0.26,-0.6,1.91
13.311729431152344,0.68,0.13,-0.28,0.74
13.313043117523193,-0.44,-0.04,0.09,0.45
13.378739356994629,-1.2,-0.39,0.7,1.44
13.380239248275757,-1.64,-0.93,0.7,2.01
13.398430347442627,-1.51,-1.04,-0.03,1.83
13.399892330169678,-0.94,-0.59,-0.46,1.2
13.413707256317139,-0.36,0.14,-0.71,0.8
13.415111303329468,0.46,0.53,-0.86,1.11
13.42832326889038,0.86,0.5,-1.0,1.41
13.429633140563965,0.76,0.37,-0.81,1.17
13.445183277130127,0.71,0.06,-0.6,0.93
13.446532249450684,0.16,-0.22,-0.42,0.5
13.512158393859863,-0.6,-0.19,-0.02,0.62
13.513725280761719,-0.61,-0.18,0.29,0.69
13.531840324401855,-0.24,-0.4,0.26,0.53
13.533221244812012,0.19,-0.4,-0.16,0.47
13.54646110534668,0.64,-0.13,-0.23,0.69
13.547800302505493,0.73,0.2,-0.23,0.79
13.562117099761963,0.59,0.46,-0.58,0.94
13.56348729133606,0.76,0.32,-0.62,1.03
13.57828140258789,0.76,0.02,-0.43,0.87
13.579536437988281,0.38,-0.05,-0.41,0.56
13.645005226135254,0.07,-0.1,-0.42,0.43
13.646554231643677,0.19,-0.22,-0.11,0.31
13.665010213851929,0.42,-0.09,0.08,0.43
13.666423320770264,0.42,0.2,-0.01,0.46
13.68010926246643,0.33,0.26,-0.07,0.42
13.68152928352356,0.7,0.14,-0.13,0.72
13.695212364196777,1.06,-0.06,-0.18,1.07
13.696500301361084,0.91,-0.16,-0.13,0.93
13.712107181549072,0.73,0.0,-0.19,0.75
13.713428258895874,0.85,0.24,-0.26,0.92
13.77927541732788,0.85,0.3,-0.36,0.97
13.780765295028687,0.79,0.23,-0.19,0.84
13.79831838607788,1.07,0.21,0.0,1.09
13.79972529411316,1.12,0.16,-0.02,1.13
13.814053297042847,0.4,0.04,-0.32,0.51
13.815511226654053,-0.12,0.01,-0.46,0.47
13.828736305236816,0.13,0.07,-0.28,0.31
13.830067157745361,0.44,0.11,-0.42,0.61
13.845110416412354,0.83,0.05,-0.1,0.83
13.846416234970093,1.15,-0.04,0.01,1.15
13.912638187408447,0.96,0.0,-0.11,0.96
13.914175271987915,0.46,0.07,-0.03,0.46
13.93202543258667,0.19,0.13,-0.01,0.23
13.93343210220337,0.14,0.07,-0.01,0.15
13.94700026512146,0.23,-0.05,0.1,0.25
13.948421239852905,0.59,-0.04,0.03,0.59
13.962382316589355,0.62,-0.01,-0.22,0.65
13.963643312454224,0.22,0.0,-0.18,0.28
13.978968143463135,-0.14,0.11,-0.16,0.23
13.980339288711548,-0.3,0.15,-0.36,0.49
14.046928405761719,-0.43,0.07,-0.26,0.5
14.048363208770752,-0.43,0.04,-0.37,0.56
14.06527829170227,-0.47,-0.01,-0.54,0.71
14.066720247268677,-0.6,-0.05,-0.25,0.65
14.07986330986023,-0.64,0.1,-0.2,0.67
14.08131742477417,-0.74,0.29,-0.46,0.91
14.095978260040283,-0.84,0.28,-0.18,0.9
14.09735631942749,-0.47,0.23,0.18,0.55
14.11243724822998,0.33,0.14,0.05,0.36
14.113821268081665,0.56,-0.03,0.16,0.58
14.128887176513672,0.12,0.03,0.24,0.26
14.19551420211792,-0.18,0.09,0.35,0.4
14.197312355041504,-0.28,-0.1,0.13,0.32
14.215272426605225,-0.45,-0.35,-0.12,0.58
14.21668529510498,-0.95,-0.36,-0.28,1.05
14.230502128601074,-1.22,-0.21,-0.23,1.25
14.23198413848877,-0.84,-0.06,-0.43,0.94
14.248324394226074,-0.68,0.05,-0.67,0.95
14.24971342086792,-0.66,0.07,-0.51,0.83
14.26250410079956,-0.65,0.19,-0.51,0.84
14.263739109039307,-0.54,0.17,-0.42,0.7
14.33091926574707,-0.42,-0.1,-0.08,0.43
14.332456111907959,-0.43,-0.18,0.2,0.5
14.34882640838623,-0.14,0.04,0.01,0.14
14.350170135498047,0.11,0.12,0.01,0.16
14.363648414611816,0.17,0.06,-0.21,0.27
14.365103244781494,0.57,0.03,-0.44,0.72
14.378889083862305,0.74,0.12,-0.26,0.79
14.380253314971924,0.16,0.11,-0.62,0.64
14.395816326141357,-0.35,-0.21,-0.35,0.53
14.397171258926392,-0.31,-0.39,-0.32,0.59
14.463401317596436,0.0,-0.4,-0.68,0.78
14.464988231658936,0.32,-0.44,-0.51,0.74
14.482331275939941,0.32,-0.22,-0.64,0.74
14.48351240158081,0.1,-0.01,-0.79,0.79
14.4971182346344,-0.09,-0.16,-0.46,0.49
14.498545169830322,-0.16,-0.24,-0.44,0.52
14.512249231338501,0.44,-0.17,-0.68,0.82
14.513556241989136,0.99,-0.08,-0.6,1.16
14.528938293457031,1.0,-0.05,-0.75,1.25
14.530221223831177,0.86,-0.28,-1.03,1.37
14.596567153930664,0.76,-0.54,-0.97,1.34
14.598081111907959,1.28,-0.34,-0.77,1.53
14.616239309310913,1.67,0.01,-0.99,1.94
14.617661237716675,1.48,-0.02,-0.98,1.77
14.630648136138916,1.64,-0.38,-1.01,1.96
14.63205623626709,1.82,-0.66,-1.32,2.34
14.646130084991455,1.77,-0.83,-1.52,2.47
14.64747142791748,1.96,-0.87,-1.73,2.75
14.662691116333008,2.34,-0.85,-2.05,3.22
14.664042234420776,2.52,-0.88,-2.24,3.48
14.730505228042603,1.77,-0.55,-2.17,2.85
14.732109308242798,0.67,-0.06,-2.05,2.15
14.749208211898804,0.55,-0.09,-2.56,2.61
14.750701427459717,0.93,-0.29,-3.28,3.42
14.764235258102417,1.12,-0.07,-3.75,3.91
14.76569128036499,0.86,0.27,-5.18,5.25
14.77920913696289,0.13,0.45,-6.79,6.8
14.780577182769775,0.78,0.85,-7.3,7.39
14.796074390411377,4.29,0.92,-8.27,9.36
14.797421216964722,10.02,0.13,-8.89,13.39
14.864060401916504,13.31,-0.43,-9.68,16.46
14.865676403045654,8.82,1.03,-10.8,13.98
14.882835388183594,2.33,1.56,-9.6,10.0
14.884286403656006,0.74,-0.5,-6.64,6.69
14.898266315460205,1.27,-2.04,-3.79,4.48
14.89968228340149,1.16,-1.42,-3.22,3.7
14.91305422782898,1.94,-0.5,-4.58,4.99
14.914393424987793,4.62,-0.25,-4.27,6.29
14.929424285888672,6.08,-0.1,-3.58,7.05
14.930737257003784,4.83,-0.29,-2.28,5.34
14.99728012084961,2.1,-0.83,-1.51,2.71
14.998863220214844,-0.35,-1.32,-0.92,1.64
15.015850305557251,-2.07,-1.48,0.37,2.57
15.017402172088623,-2.87,-1.47,1.45,3.53
15.030957221984863,-2.49,-1.32,2.37,3.68
15.032416343688965,-1.7,-0.59,2.47,3.05
15.046167373657227,-0.87,0.18,2.43,2.58
15.047518253326416,-0.03,0.23,2.3,2.31
15.062912225723267,0.29,-0.23,2.33,2.35
15.064228296279907,-0.17,-0.54,3.03,3.08
15.131495237350464,-0.87,-0.38,3.1,3.24
15.132981300354004,-1.5,0.1,2.2,2.66
15.149667263031006,-2.04,0.67,1.68,2.72
15.15113115310669,-2.18,1.03,1.31,2.74
15.165506362915039,-1.86,0.96,1.11,2.36
15.166974306106567,-1.07,0.75,1.29,1.83
15.180153369903564,-0.58,0.24,0.88,1.08
15.18156909942627,-1.38,-0.9,1.07,1.96
15.196158409118652,-2.63,-1.97,2.4,4.06
15.197513103485107,-3.7,-2.14,3.12,5.29
15.212648391723633,-4.15,-1.67,3.38,5.6
15.279683113098145,-3.85,-1.07,3.5,5.31
15.28148627281189,-3.39,-0.85,3.27,4.78
15.299146175384521,-3.43,-1.06,3.64,5.11
15.300612211227417,-3.45,-1.05,4.23,5.55
15.314789295196533,-3.51,-0.75,4.07,5.42
15.31615424156189,-3.99,-0.59,4.12,5.76
15.3299241065979,-4.49,-0.87,3.61,5.82
15.331293106079102,-3.95,-1.29,2.24,4.72
15.346335411071777,-3.47,-1.37,3.3,4.98
15.347704410552979,-5.79,-1.61,4.44,7.47
15.415202140808105,-8.32,-2.47,3.33,9.29
15.416758298873901,-9.45,-2.88,4.38,10.8
15.432778358459473,-8.48,-2.63,1.25,8.96
15.434264183044434,-3.79,-3.31,-7.15,8.74
15.44725513458252,1.21,-6.82,-3.67,7.83
15.448739290237427,-1.23,-7.0,0.25,7.11
15.462780237197876,-3.88,-1.87,-2.61,5.03
15.464155197143555,-1.28,1.3,-2.97,3.48
15.479570388793945,0.12,-1.02,1.14,1.53
15.480968236923218,-2.29,-4.07,3.29,5.71
15.548193216323853,-3.78,-3.6,3.79,6.45
15.549793243408203,-3.26,-1.94,3.43,5.11
15.565882205963135,-2.57,-1.09,2.01,3.43
15.567379236221313,-1.68,-0.78,0.43,1.9
15.581470251083374,-0.47,-0.57,-0.78,1.07
15.582959175109863,1.1,-0.15,-1.98,2.27
15.596427202224731,2.1,0.32,-2.2,3.05
15.597742319107056,1.81,0.81,-1.71,2.61
15.612842082977295,0.78,1.15,-1.48,2.03
15.614213228225708,0.41,0.86,-0.77,1.22
15.682404279708862,0.6,-0.24,0.57,0.86
15.684027194976807,-0.3,-0.56,0.96,1.15
15.699724197387695,-0.2,-0.27,0.8,0.86
15.701151371002197,0.82,-0.81,1.41,1.82
15.713524341583252,0.41,-1.09,1.19,1.66
15.714975357055664,0.07,-0.69,0.62,0.93
15.7299222946167,0.27,-0.28,0.31,0.49
15.731284141540527,-0.28,0.04,0.0,0.28
15.746464252471924,-0.82,0.3,-0.24,0.9
15.747814178466797,-1.19,0.16,-0.32,1.24
15.815835237503052,-1.86,0.12,-0.13,1.86
15.817398309707642,-2.1,0.06,-0.06,2.1
15.832454204559326,-1.69,0.12,-0.32,1.72
15.833852291107178,-0.87,0.06,-0.16,0.88
15.847843170166016,-0.34,0.13,0.13,0.38
15.84924030303955,-0.27,0.19,0.01,0.33
15.86328935623169,-0.55,-0.07,-0.19,0.58
15.864583253860474,-0.94,-0.31,-0.1,0.99
15.879988193511963,-0.92,-0.03,-0.19,0.93
15.881432294845581,-0.62,0.28,-0.48,0.83
15.94926118850708,-0.44,0.22,-0.36,0.6
15.950761318206787,-0.5,0.14,-0.24,0.57
15.964185237884521,-0.62,0.23,-0.37,0.75
15.965797424316406,-0.51,0.22,-0.26,0.61
15.980392217636108,-0.2,0.08,-0.22,0.3
15.981855392456055,-0.25,-0.21,-0.22,0.39
15.995686292648315,-0.51,-0.37,-0.02,0.63
15.997140407562256,-0.65,-0.2,-0.16,0.69
16.013516426086426,-0.68,0.01,-0.17,0.7
16.01491928100586,-0.45,0.19,0.18,0.52
16.082577228546143,-0.02,0.26,-0.08,0.27
16.08411931991577,-0.03,0.09,-0.35,0.36
16.098454236984253,-0.23,0.05,-0.28,0.36
16.099860191345215,-0.51,0.09,-0.47,0.69
16.115121364593506,-0.66,0.09,-0.51,0.83
16.116432189941406,-0.34,0.14,-0.4,0.54
16.129448413848877,0.22,0.09,-0.34,0.41
16.130627155303955,0.24,-0.04,-0.34,0.41
16.146766185760498,-0.15,0.02,-0.36,0.39
16.148212432861328,-0.16,0.06,-0.67,0.69
16.21697235107422,0.07,-0.06,-0.77,0.77
16.21850323677063,0.17,-0.09,-0.43,0.47
16.232426166534424,0.04,-0.09,-0.21,0.23
16.23376727104187,-0.55,-0.39,0.0,0.67
16.248205184936523,-1.36,-0.61,0.18,1.5
16.24962043762207,-2.03,-0.49,-0.11,2.09
16.263468265533447,-2.31,-0.41,-0.45,2.38
16.26482915878296,-2.1,-0.46,-0.7,2.26
16.27995538711548,-1.77,-0.48,-0.86,2.02
16.281265258789062,-1.63,-0.37,-0.91,1.9
16.29682230949402,-1.38,-0.2,-0.69,1.55
16.36450719833374,-1.01,-0.21,-0.5,1.14
16.36627435684204,-0.88,-0.42,-0.1,0.98
16.38334035873413,-1.19,-0.66,0.51,1.45
16.38476324081421,-1.81,-0.94,1.19,2.36
16.397709369659424,-2.7,-1.13,1.56,3.31
16.39915943145752,-3.49,-1.06,1.92,4.12
16.413668155670166,-3.58,-0.87,1.91,4.14
16.4150333404541,-3.08,-0.76,1.31,3.43
16.42987632751465,-2.33,-0.85,0.47,2.52
16.431198120117188,-1.57,-1.24,0.35,2.03
16.49919843673706,-0.71,-1.93,0.28,2.07
16.5007061958313,-0.58,-2.59,-0.38,2.68
16.51632022857666,-1.03,-2.8,0.22,2.99
16.517727375030518,-1.34,-2.0,0.47,2.45
16.531639099121094,-1.69,-1.04,0.22,1.99
16.533040285110474,-1.79,-0.55,0.52,1.94
16.54661512374878,-1.75,-0.23,0.64,1.87
16.547962188720703,-1.8,0.14,0.72,1.94
16.56355929374695,-1.84,0.43,0.94,2.11
16.56488823890686,-1.85,0.5,1.01,2.16
16.63282823562622,-1.62,0.42,1.11,2.0
16.634364128112793,-1.07,0.39,1.2,1.65
16.649563312530518,-0.66,0.48,1.06,1.33
16.65097713470459,-0.68,0.51,1.02,1.32
16.66460943222046,-0.91,0.57,1.11,1.54
16.666064262390137,-1.2,0.77,1.28,1.91
16.680366277694702,-1.42,0.96,1.65,2.37
16.681724309921265,-1.19,0.94,2.0,2.5
16.697495222091675,-1.15,0.81,1.65,2.16
16.698999404907227,-1.37,0.72,1.59,2.21
16.765788316726685,-1.31,0.74,1.88,2.4
16.767330169677734,-0.82,0.68,1.86,2.14
16.783207416534424,-0.05,0.46,1.6,1.66
16.784595251083374,0.65,0.17,1.15,1.33
16.798508167266846,1.1,-0.08,0.75,1.33
16.799777269363403,1.16,-0.2,0.53,1.29
16.8131422996521,1.04,-0.09,0.63,1.21
16.814465284347534,1.2,0.23,0.73,1.42
16.830109119415283,1.84,0.52,0.5,1.97
16.831414222717285,2.29,0.49,-0.09,2.34
16.898052215576172,2.31,0.28,-0.54,2.38
16.899604320526123,2.14,0.06,-0.68,2.24
16.916619300842285,2.11,-0.17,-0.95,2.32
16.917991161346436,2.47,-0.05,-1.18,2.73
16.932493209838867,2.92,0.26,-1.19,3.16
16.93404221534729,3.45,0.33,-1.13,3.64
16.947174310684204,3.81,0.63,-1.08,4.0
16.94857430458069,3.73,1.32,-0.8,4.03
16.963656425476074,3.75,1.55,-0.5,4.08
16.96492910385132,3.65,1.47,-0.18,3.93
17.03090238571167,3.41,1.34,0.86,3.76
17.032437324523926,4.64,0.41,1.58,4.91
17.05001425743103,4.32,-0.02,1.06,4.44
17.05138635635376,2.36,0.25,1.3,2.7
17.065099239349365,0.65,0.08,1.87,1.98
17.066471099853516,-0.42,-0.76,2.16,2.32
17.080616235733032,-0.02,-1.31,2.66,2.96
17.08205223083496,1.9,-0.95,2.89,3.58
17.098721265792847,3.91,-0.35,2.47,4.63
17.10032820701599,4.09,-0.11,1.97,4.54
17.167513370513916,3.06,-0.41,1.7,3.52
17.169058322906494,1.74,-1.19,0.74,2.23
17.18294930458069,-1.0,-1.32,-0.67,1.78
17.184418201446533,-6.07,-0.9,0.18,6.13
17.198658227920532,-10.37,-1.63,2.42,10.77
17.20017910003662,-9.19,-3.49,3.86,10.56
17.216074228286743,-3.2,-4.6,2.13,5.99
17.217661380767822,1.75,-3.38,-1.64,4.14
17.230903148651123,4.51,-1.25,-3.51,5.85
17.232259273529053,5.69,-0.23,-2.69,6.29
17.299259185791016,4.18,0.34,-0.88,4.28
17.30074119567871,1.69,1.12,0.0,2.02
17.317374229431152,0.7,1.35,-0.36,1.56
17.31880235671997,1.51,0.55,-0.46,1.67
17.33201026916504,2.63,-0.11,-0.28,2.64
17.3334002494812,2.93,0.09,0.14,2.93
17.347337245941162,2.17,0.4,0.69,2.31
17.34865713119507,1.05,0.16,1.38,1.74
17.363885402679443,0.26,-0.49,1.59,1.68
17.365252256393433,-0.43,-0.88,0.91,1.33
17.380255222320557,-0.96,-0.84,0.29,1.3
17.447644233703613,-0.62,-0.75,0.18,0.98
17.449418306350708,0.31,-0.53,-0.57,0.83
17.46686840057373,1.02,-0.19,-1.29,1.65
17.46830725669861,1.29,0.04,-1.41,1.91
17.481524229049683,1.39,-0.04,-1.11,1.77
17.48291325569153,1.8,-0.1,-0.73,1.94
17.4972403049469,1.95,-0.16,-0.5,2.01
17.49863338470459,1.58,-0.22,-0.06,1.59
17.513970375061035,0.93,-0.21,0.52,1.08
17.515305280685425,0.2,-0.11,0.63,0.67
17.58331322669983,-0.17,-0.09,0.3,0.35
17.584778308868408,-0.14,-0.09,0.18,0.24
17.599626302719116,-0.03,0.11,-0.09,0.14
17.601059436798096,0.42,0.18,-0.27,0.53
17.615408420562744,0.79,0.03,-0.39,0.88
17.61682939529419,0.38,-0.03,-0.43,0.57
17.630855083465576,-0.47,-0.01,-0.26,0.53
17.632184267044067,-1.05,0.06,-0.24,1.07
17.64698624610901,-1.24,0.13,-0.47,1.33
17.648266315460205,-1.25,0.13,-0.04,1.25
17.716668128967285,-1.33,0.14,0.31,1.37
17.71826410293579,-1.57,0.07,0.22,1.58
17.733798265457153,-1.75,-0.1,0.4,1.79
17.73519730567932,-2.0,-0.16,0.32,2.03
17.748703241348267,-2.04,-0.19,0.0,2.04
17.750169277191162,-1.21,-0.39,0.15,1.28
17.764185428619385,-0.44,-0.22,0.11,0.5
17.765503406524658,-0.26,0.07,-0.31,0.41
17.780763149261475,-0.38,-0.04,-0.44,0.58
17.782124280929565,-0.9,-0.25,0.02,0.93
17.850426197052002,-1.99,-0.27,0.05,2.0
17.851953268051147,-3.0,-0.19,-0.22,3.01
17.867228269577026,-3.24,-0.21,0.23,3.25
17.868670225143433,-2.96,-0.37,0.64,3.05
17.882442235946655,-2.6,-0.65,0.5,2.72
17.883803367614746,-2.07,-0.73,0.5,2.25
17.897741317749023,-1.65,-0.58,0.47,1.81
17.89910125732422,-1.48,-0.4,0.02,1.53
17.91430425643921,-1.18,-0.28,-0.41,1.28
17.9155912399292,-0.87,-0.3,-0.73,1.17
17.983493328094482,-1.09,-0.46,-0.65,1.34
17.985066413879395,-1.65,-0.65,-0.1,1.77
18.00023317337036,-2.41,-1.03,0.06,2.62
18.001697301864624,-2.98,-1.94,0.6,3.6
18.01576328277588,-3.03,-3.4,1.68,4.85
18.01718521118164,-3.31,-4.76,1.71,6.04
18.030956268310547,-3.25,-5.5,2.02,6.7
18.032301425933838,-2.62,-5.58,2.04,6.49
18.047354221343994,-2.09,-5.47,1.74,6.1
18.048625230789185,-1.87,-5.79,1.64,6.3
18.116815090179443,-1.84,-6.56,1.31,6.93
18.11833620071411,-1.66,-7.53,0.53,7.72
18.133187294006348,-1.57,-9.07,-0.53,9.22
18.134666204452515,-2.61,-10.77,-0.67,11.1
18.149951219558716,-6.61,-8.74,-0.24,10.96
18.15141534805298,-11.14,-4.02,-0.48,11.85
18.164018154144287,-10.46,-2.15,-0.08,10.67
18.165371417999268,-7.93,-1.61,-0.44,8.1
18.183870315551758,-7.25,-0.68,-0.29,7.28
18.185367107391357,-6.19,0.36,2.23,6.58
18.254881381988525,-3.29,1.5,4.87,6.06
18.256402254104614,-0.17,2.87,2.4,3.74
18.26432728767395,0.53,3.9,-3.59,5.32
18.266335248947144,-1.94,3.91,-5.06,6.68
18.282995223999023,-4.19,3.13,-2.28,5.7
18.28441333770752,-4.33,3.03,0.46,5.3
18.297606229782104,-3.67,3.93,1.36,5.54
18.29900312423706,-3.62,4.91,1.02,6.18
18.31401538848877,-4.17,5.3,0.6,6.77
18.31534719467163,-4.61,5.08,0.85,6.91
18.384721279144287,-4.41,4.51,1.15,6.41
18.38622236251831,-3.93,3.88,1.06,5.62
18.400631427764893,-3.28,3.26,0.97,4.72
18.40209436416626,-2.83,2.77,0.68,4.01
18.416752338409424,-2.8,2.66,0.52,3.89
18.41823720932007,-2.55,2.69,0.15,3.7
18.43177318572998,-2.15,2.65,-0.46,3.44
18.43321132659912,-1.47,2.49,-0.58,2.94
18.448074340820312,-0.17,2.26,0.12,2.26
18.449430227279663,1.26,1.81,0.55,2.27
18.46456027030945,1.92,1.14,-0.05,2.23
18.53403615951538,2.06,0.02,-1.42,2.5
18.53583335876465,2.67,-1.72,-1.56,3.53
18.549378395080566,3.53,-3.04,-0.17,4.66
18.550867319107056,5.16,-3.83,0.41,6.43
18.5649733543396,7.27,-4.17,-0.3,8.38
18.566469192504883,7.88,-3.78,-1.72,8.9
18.58052635192871,6.56,-3.12,-2.31,7.62
18.581989288330078,4.98,-2.78,-2.7,6.31
18.5976243019104,4.03,-2.5,-3.3,5.77
18.599136352539062,4.94,-2.39,-2.57,6.05
18.670180320739746,7.26,-2.12,-0.96,7.62
18.671699285507202,8.47,-0.97,-0.72,8.55
18.683993339538574,8.04,-0.06,-0.46,8.05
18.68537139892578,7.09,-0.19,0.92,7.15
18.698771238327026,6.44,-0.89,1.58,6.69
18.70020341873169,5.55,-1.39,1.4,5.89
18.71433115005493,4.68,-1.41,1.73,5.18
18.715753316879272,3.82,-1.14,2.59,4.75
18.732194423675537,2.35,-0.97,3.64,4.43
18.733582258224487,0.96,-0.78,5.3,5.44
18.803959369659424,-0.08,0.24,6.34,6.34
18.805572271347046,-1.42,1.02,5.94,6.19
18.817301273345947,-4.55,0.27,4.13,6.15
18.818779230117798,-7.77,-2.5,4.42,9.28
18.833008289337158,-8.12,-7.8,5.46,12.51
18.83445119857788,-1.83,-12.13,5.42,13.41
18.847858428955078,6.09,-8.92,-0.02,10.8
18.849221229553223,7.44,-1.94,-7.15,10.49
18.864561319351196,6.4,1.46,-5.33,8.45
18.865952253341675,5.65,1.53,-0.13,5.85
18.936360359191895,4.72,1.68,1.25,5.16
18.937966346740723,4.17,2.38,-0.55,4.83
18.950634241104126,3.07,2.59,-1.7,4.36
18.952105283737183,2.08,1.73,-1.66,3.17
18.966082096099854,2.1,0.57,-0.37,2.2
18.96748924255371,2.76,-0.68,1.26,3.1
18.981605291366577,2.6,-1.41,1.65,3.38
18.982945203781128,1.16,-1.15,1.51,2.22
18.997528314590454,-0.7,-0.77,2.03,2.28
18.9988751411438,-2.11,-0.5,2.2,3.08
19.070285320281982,-2.69,-0.33,1.14,2.94
19.0718412399292,-1.71,-0.33,-0.01,1.74
19.084606170654297,0.26,-0.37,-1.49,1.55
19.08602023124695,1.42,-0.28,-2.79,3.14
19.099467277526855,1.58,0.03,-2.95,3.34
19.100884437561035,0.98,0.33,-2.07,2.31
19.114957332611084,0.29,0.7,-1.0,1.25
19.116247177124023,-0.07,0.86,-0.4,0.95
19.131752252578735,-0.42,0.43,0.29,0.66
19.133162260055542,-0.76,-0.01,0.86,1.14
19.205515384674072,0.02,-0.15,1.26,1.26
19.207038402557373,1.08,-0.21,0.89,1.41
19.216618299484253,1.4,-0.1,0.44,1.47
19.218162298202515,1.06,0.3,0.08,1.1
19.233222246170044,0.45,0.63,-0.26,0.81
19.234668254852295,0.13,0.68,-0.41,0.8
19.248250246047974,0.14,0.62,-0.4,0.75
19.249597311019897,0.1,0.33,-0.43,0.55
19.26456642150879,-0.44,-0.06,-0.21,0.49
19.265846252441406,-1.07,-0.2,0.19,1.1
19.337814331054688,-1.78,-0.09,0.37,1.82
19.3393452167511,-2.2,0.13,0.35,2.23
19.351200103759766,-1.69,0.03,0.19,1.7
19.352713108062744,-1.29,-0.06,0.26,1.31
19.36680030822754,-0.98,0.34,0.4,1.11
19.36822509765625,-0.04,0.72,0.01,0.72
19.38163137435913,0.57,0.57,0.25,0.84
19.382992267608643,0.53,0.36,0.57,0.85
19.39824342727661,0.95,0.26,0.74,1.23
19.399627208709717,1.21,0.03,0.8,1.45
19.471583366394043,0.65,-0.34,0.84,1.11
19.473161220550537,-0.15,-0.54,0.55,0.78
19.484163284301758,-0.94,-0.48,0.13,1.06
19.48557710647583,-1.49,-0.21,-0.49,1.58
19.499415397644043,-1.22,0.03,-0.91,1.52
19.50094509124756,-0.05,-0.02,-1.28,1.28
19.515352249145508,1.37,-0.38,-1.51,2.07
19.516720294952393,1.52,-0.79,-1.57,2.32
19.531739234924316,0.81,-0.6,-1.66,1.94
19.533095359802246,0.58,-0.43,-1.82,1.95
19.548795223236084,-0.07,-0.72,-1.75,1.89
19.621256351470947,-1.21,-0.83,-1.62,2.18
19.622990131378174,-1.18,-0.5,-1.64,2.08
19.6342511177063,-0.1,-0.36,-1.77,1.8
19.635658264160156,0.0,-0.75,-2.46,2.57
19.650161266326904,-0.39,-1.68,-2.71,3.21
19.651557207107544,-0.5,-3.32,-1.79,3.8
19.66485023498535,-0.41,-5.3,-0.27,5.32
19.666200160980225,-0.13,-5.73,0.41,5.74
19.68166422843933,-0.22,-3.38,-0.93,3.51
19.68299627304077,-0.39,-1.09,-1.78,2.12
19.755969285964966,1.12,-0.47,-2.35,2.64
19.757503271102905,1.26,-0.48,-2.47,2.81
19.76826810836792,0.69,-0.43,-3.23,3.33
19.76969337463379,-0.07,-0.18,-3.34,3.34
19.783266305923462,-0.32,0.5,-4.31,4.35
19.784613132476807,-0.62,1.57,-4.84,5.12
19.798569202423096,-0.64,2.74,-5.26,5.96
19.799874305725098,-0.03,3.62,-5.62,6.68
19.815429210662842,0.29,4.17,-5.39,6.82
19.816797256469727,-0.28,4.46,-4.81,6.56
19.89016342163086,-0.94,4.58,-4.35,6.38
19.891635417938232,-0.93,4.27,-4.11,5.99
19.90070915222168,-1.39,3.54,-4.15,5.62
19.902210235595703,-2.68,2.76,-3.67,5.31
19.91734027862549,-3.22,2.08,-2.99,4.86
19.91881036758423,-2.7,1.68,-2.71,4.17
19.931973218917847,-1.98,1.85,-2.81,3.9
19.933321237564087,-1.41,2.11,-2.76,3.74
19.948471307754517,-0.93,2.04,-2.64,3.46
19.94978141784668,-0.35,1.76,-2.74,3.27
20.023044109344482,0.09,1.24,-3.02,3.26
20.024575233459473,0.17,0.61,-3.17,3.23
20.034512281417847,-0.14,0.12,-3.11,3.11
20.035889148712158,-0.81,-0.04,-2.73,2.84
20.05023431777954,-1.7,-0.26,-2.22,2.8
20.05159616470337,-2.6,-0.67,-1.15,2.92
20.065418243408203,-2.89,-0.76,-0.07,2.98
20.066771268844604,-2.83,-0.51,0.44,2.9
20.082118272781372,-3.19,-0.48,0.45,3.25
20.083510398864746,-3.61,-0.82,0.98,3.82
20.157812118530273,-3.69,-0.8,1.38,4.02
20.159348249435425,-4.03,-0.51,1.4,4.29
20.166707277297974,-4.0,-0.36,2.05,4.5
20.16812229156494,-3.58,-0.24,1.97,4.09
20.18361234664917,-3.17,-0.55,1.71,3.64
20.184996128082275,-2.3,-1.31,1.57,3.07
20.198899269104004,-1.99,-1.39,0.82,2.56
20.20025110244751,-2.56,-0.8,0.72,2.77
20.21572732925415,-3.05,-0.4,1.33,3.35
20.2171311378479,-3.19,-0.56,1.7,3.65
20.290606260299683,-3.31,-1.1,1.96,4.0
20.292169094085693,-3.56,-1.34,2.54,4.57
20.30104422569275,-3.75,-1.18,3.03,4.96
20.302526235580444,-4.31,-0.96,3.28,5.5
20.31678342819214,-5.76,-1.21,4.6,7.47
20.318185329437256,-8.39,-2.73,7.7,11.71
20.3324294090271,-10.07,-3.17,9.6,14.26
20.33381223678589,-8.68,-0.79,6.18,10.68
20.349964141845703,-6.21,0.62,1.87,6.51
20.351410388946533,-3.72,-0.45,-0.06,3.74
20.425588130950928,-1.9,-2.23,-0.58,2.98
20.427095413208008,-1.21,-2.77,0.14,3.02
20.432655334472656,-1.25,-1.98,-0.76,2.46
20.43433427810669,-0.71,-0.48,-3.3,3.4
20.45111608505249,0.65,0.87,-7.52,7.59
20.452540397644043,0.92,0.39,-8.78,8.83
20.465973377227783,-0.22,-1.34,-3.79,4.02
20.46733522415161,-0.36,-1.54,-0.21,1.59
20.482502222061157,0.67,-0.56,-0.51,1.01
20.483819246292114,1.07,-0.16,0.3,1.12
20.557717323303223,0.44,-0.1,2.74,2.77
20.559163093566895,-0.52,0.31,4.71,4.74
20.567941188812256,-1.19,0.83,5.34,5.53
20.569337368011475,-1.07,0.77,4.35,4.54
20.583648204803467,-0.36,-0.1,2.55,2.57
20.585108280181885,0.64,-0.97,1.38,1.8
20.599229335784912,1.86,-1.11,0.01,2.16
20.60060739517212,2.9,-0.67,-1.76,3.45
20.615710258483887,3.67,0.15,-2.57,4.48
20.617050170898438,3.67,0.73,-2.78,4.66
20.631928205490112,2.43,0.74,-2.26,3.4
20.70596933364868,0.63,0.47,-1.05,1.31
20.707999229431152,-0.55,0.27,0.07,0.61
20.715473175048828,-1.28,-0.05,0.76,1.48
20.717251300811768,-1.55,-0.61,1.17,2.03
20.733935356140137,-1.29,-0.67,1.48,2.07
20.73539113998413,-0.63,-0.45,0.96,1.23
20.74871015548706,0.14,-0.3,0.02,0.33
20.75007438659668,0.75,-0.48,-0.29,0.93
20.76515221595764,1.06,-0.48,-1.0,1.53
20.766358375549316,0.97,-0.23,-1.17,1.53
20.840609312057495,0.26,-0.09,-0.87,0.91
20.842243194580078,-0.03,-0.16,-0.76,0.77
20.850642204284668,-0.12,-0.04,-1.22,1.22
20.852121353149414,-0.24,-0.1,-1.27,1.29
20.867178201675415,-0.04,-0.18,-1.06,1.07
20.868605136871338,0.21,0.23,-0.72,0.78
20.883228302001953,0.81,0.46,-0.59,1.1
20.884767293930054,1.06,0.25,-0.77,1.33
20.9000301361084,0.77,0.02,-0.46,0.89
20.90142321586609,0.56,0.03,-0.42,0.7
20.975857257843018,0.61,0.16,-0.67,0.92
20.97739839553833,0.76,0.02,-0.7,1.03
20.983734130859375,0.67,-0.26,-0.33,0.79
20.98517417907715,0.43,-0.1,-0.05,0.44
21.00076913833618,0.09,-0.02,-0.12,0.15
21.00216031074524,-0.08,0.03,0.08,0.11
21.0156192779541,0.09,0.14,-0.03,0.16
21.016963243484497,0.17,0.12,-0.48,0.52
21.03203010559082,0.0,0.07,-0.53,0.53
21.03333330154419,-0.12,0.02,-0.5,0.51
21.107778310775757,-0.29,0.03,-0.74,0.79
21.1093852519989,-0.4,0.08,-0.63,0.75
21.115662097930908,-0.53,0.04,-0.59,0.79
21.117544174194336,-0.9,-0.09,-0.47,1.01
21.134052276611328,-0.93,-0.14,-0.18,0.95
21.13549828529358,-0.86,-0.11,-0.38,0.94
21.151679277420044,-0.86,-0.26,-0.39,0.97
21.15302610397339,-0.67,-0.35,-0.23,0.79
21.166110277175903,-0.43,-0.22,-0.59,0.76
21.16737127304077,-0.35,-0.15,-1.05,1.11
21.24162721633911,-0.28,-0.19,-0.98,1.03
21.243237257003784,-0.2,-0.12,-0.76,0.79
21.250803232192993,0.2,-0.04,-0.64,0.67
21.252238273620605,0.5,-0.18,-0.94,1.07
21.26730728149414,0.51,-0.41,-1.08,1.26
21.26870822906494,0.47,-0.45,-0.89,1.1
21.282458305358887,0.51,-0.46,-0.97,1.18
21.283799171447754,0.4,-0.62,-0.95,1.2
21.299116134643555,0.2,-0.74,-0.53,0.93
21.30046820640564,0.0,-0.56,-0.41,0.69
21.374911308288574,-0.15,-0.54,-0.46,0.72
21.37640929222107,-0.14,-0.75,-0.71,1.04
21.382688283920288,0.26,-0.79,-1.12,1.39
21.38445234298706,0.99,-1.01,-1.47,2.03
21.40045428276062,1.53,-1.26,-1.58,2.53
21.401872158050537,1.43,-1.0,-1.49,2.29
21.41583824157715,1.58,-0.86,-1.81,2.55
21.417232275009155,1.28,-0.63,-2.55,2.92
21.43264126777649,0.87,-0.33,-2.66,2.81
21.433998107910156,0.65,-0.17,-3.27,3.33
21.508503437042236,0.05,0.22,-3.97,3.97
21.510249137878418,0.14,0.73,-4.35,4.41
21.515940189361572,0.85,1.25,-5.5,5.7
21.5176682472229,2.05,1.78,-7.78,8.24
21.53428626060486,3.81,2.62,-10.43,11.4
21.535726308822632,5.77,3.37,-11.7,13.47
21.54924440383911,7.82,3.22,-11.12,13.97
21.550546169281006,8.56,2.18,-10.52,13.73
21.565932273864746,6.73,1.14,-9.76,11.91
21.56725311279297,3.45,0.55,-7.74,8.49
21.641924381256104,0.89,0.17,-6.03,6.09
21.64345622062683,-0.86,-0.08,-4.38,4.46
21.649211406707764,-1.98,0.0,-2.42,3.12
21.650943279266357,-1.63,0.29,-1.57,2.28
21.667875289916992,-0.88,0.98,-1.9,2.31
21.669257164001465,-0.13,1.29,-2.09,2.45
21.682883262634277,0.69,1.47,-2.03,2.59
21.684171199798584,1.26,1.56,-2.29,3.04
21.699279308319092,1.15,1.25,-2.27,2.83
21.70058822631836,0.95,0.39,-2.02,2.26
21.716058254241943,0.53,-0.03,-2.14,2.2
21.78988528251648,0.21,0.09,-2.12,2.13
21.79157829284668,0.05,0.48,-1.82,1.88
21.801016330718994,0.02,0.57,-1.71,1.8
21.80251121520996,-0.03,0.07,-1.74,1.74
21.817899227142334,-0.2,-0.54,-1.59,1.69
21.819470405578613,-0.51,-0.83,-1.33,1.64
21.833128213882446,-0.5,-0.97,-1.16,1.59
21.83452320098877,-0.32,-0.91,-1.51,1.79
21.848984241485596,-0.85,-0.98,-2.12,2.48
21.85029125213623,-2.02,-1.39,-2.05,3.19
21.924352169036865,-3.24,-1.87,-1.75,4.13
21.925942420959473,-4.0,-2.01,-1.61,4.75
21.935251235961914,-4.09,-1.9,-1.4,4.72
21.936695098876953,-4.24,-1.41,-1.22,4.63
21.950640201568604,-4.91,-0.84,-0.75,5.03
21.952110290527344,-5.34,-0.42,0.27,5.36
21.966086387634277,-5.11,0.1,0.54,5.13
21.96745228767395,-4.95,0.33,-0.21,4.96
21.98310613632202,-4.81,0.07,-0.39,4.82
21.984435319900513,-4.53,-0.23,-0.19,4.53
22.05872130393982,-4.23,-0.34,-0.92,4.34
22.060489177703857,-3.92,-0.3,-1.72,4.29
22.06817126274109,-3.48,-0.15,-2.22,4.13
22.06962013244629,-3.13,-0.13,-2.62,4.08
22.085001230239868,-2.98,-0.34,-2.69,4.02
22.086408138275146,-3.17,-0.6,-2.39,4.01
22.09971022605896,-3.64,-0.57,-1.89,4.14
22.101020336151123,-4.1,-0.41,-1.03,4.24
22.1180522441864,-4.56,-0.33,-0.31,4.58
22.11957311630249,-5.24,0.03,0.8,5.3
22.193953275680542,-5.46,1.1,1.96,5.9
22.19544529914856,-5.6,2.0,1.5,6.13
22.199610233306885,-6.42,2.21,1.22,6.89
22.201502323150635,-6.17,1.7,1.1,6.49
22.21775531768799,-4.58,-0.39,-0.09,4.59
22.219269275665283,-2.15,-5.09,-1.81,5.81
22.232969284057617,0.86,-8.96,-4.02,9.85
22.234270095825195,1.31,-7.5,-5.0,9.1
22.2497820854187,-3.29,-2.82,-1.0,4.44
22.251100301742554,-6.12,0.63,2.14,6.51
22.32506036758423,-4.8,2.37,1.13,5.47
22.32679033279419,-3.21,2.24,0.96,4.03
22.335551261901855,-2.89,1.43,2.18,3.89
22.33699631690979,-2.36,0.65,1.91,3.1
22.351410388946533,-0.44,-0.52,1.54,1.68
22.352806091308594,1.09,-1.69,0.09,2.01
22.366535186767578,1.79,-1.97,-1.31,2.96
22.367899417877197,3.01,-1.42,-1.04,3.48
22.382688283920288,2.81,-0.76,-1.27,3.17
22.384014129638672,0.11,-0.15,-1.77,1.77
22.4585862159729,-2.69,0.04,-1.14,2.92
22.46016526222229,-4.07,-0.34,-0.71,4.14
22.46616840362549,-4.59,-0.38,-0.92,4.69
22.46782422065735,-3.83,-0.16,-1.45,4.09
22.4849271774292,-0.57,-0.24,-1.55,1.66
22.48634433746338,1.97,-0.4,-1.84,2.72
22.49981117248535,2.89,-0.37,-1.34,3.2
22.501151084899902,3.02,-0.1,-0.86,3.14
22.516510248184204,2.14,0.08,-0.78,2.27
22.517871379852295,0.82,-0.07,-0.6,1.01
22.592166423797607,0.06,-0.09,-0.13,0.16
22.593783378601074,0.03,-0.04,0.15,0.15
22.60105609893799,-0.02,0.1,0.01,0.1
22.602513313293457,-0.15,0.32,0.04,0.35
22.618048191070557,-0.17,0.31,0.06,0.35
22.619301319122314,-0.49,0.23,0.0,0.54
22.63290309906006,-0.6,0.08,-0.38,0.71
22.634249210357666,-0.59,-0.29,-0.42,0.78
22.64971423149109,-0.5,-0.37,-0.22,0.65
22.651020288467407,-0.02,-0.18,-0.14,0.22
22.724950313568115,0.4,-0.01,-0.05,0.4
22.72650122642517,0.53,0.1,0.12,0.55
22.73554229736328,0.31,0.02,0.21,0.37
22.73701524734497,-0.12,0.0,0.22,0.25
22.75206232070923,-0.19,0.04,0.14,0.23
22.753397226333618,0.32,0.1,0.19,0.38
22.766595363616943,0.55,0.14,0.26,0.62
22.76792025566101,0.19,0.17,0.03,0.25
22.782796382904053,-0.31,-0.15,-0.4,0.52
22.78408908843994,-0.79,-0.63,-0.66,1.2
22.79975724220276,-1.13,-0.71,-0.73,1.52
22.873752117156982,-0.85,-0.19,-0.45,0.98
22.875431299209595,-0.4,0.28,-0.28,0.56
22.884766101837158,-0.81,0.15,-0.46,0.94
22.886393308639526,-1.75,-0.18,-0.42,1.8
22.90131139755249,-2.31,-0.17,-0.32,2.33
22.902716159820557,-2.49,-0.1,-0.2,2.5
22.916667222976685,-2.31,-0.24,-0.1,2.32
22.91800022125244,-2.08,-0.47,0.09,2.13
22.933460235595703,-1.85,-0.62,0.53,2.02
22.934824228286743,-1.72,-0.55,0.99,2.05
23.00831627845764,-1.7,-0.53,1.36,2.24
23.009758234024048,-1.66,-0.54,1.78,2.49
23.01830220222473,-1.08,-0.53,1.99,2.32
23.019734382629395,-0.14,-0.62,1.9,2.0
23.03556227684021,0.29,-0.7,1.75,1.9
23.036887168884277,0.45,-0.63,1.75,1.91
23.050164222717285,0.94,-0.65,1.63,1.99
23.05147933959961,1.5,-0.72,1.36,2.14
23.066923141479492,1.71,-0.64,0.7,1.95
23.068244218826294,1.46,-0.5,0.22,1.55
23.142808437347412,1.21,-0.58,0.48,1.42
23.14439630508423,1.14,-0.67,0.7,1.49
23.149787425994873,1.01,-0.45,0.21,1.12
23.151629209518433,0.85,-0.08,-0.1,0.85
23.167978286743164,0.87,0.31,-0.26,0.95
23.16940212249756,0.98,0.75,-0.39,1.29
23.183715343475342,1.62,1.14,-0.15,1.98
23.185094356536865,2.67,1.39,-0.03,3.01
23.200225353240967,3.47,1.53,-0.07,3.79
23.201590299606323,3.36,1.64,0.04,3.73
23.275269269943237,2.29,1.66,0.48,2.86
23.276828289031982,0.89,1.5,0.98,2.0
23.285137176513672,-0.21,1.46,1.29,1.95
23.28660821914673,-0.81,1.5,1.48,2.25
23.30160427093506,-0.52,0.95,1.51,1.85
23.303017139434814,0.37,0.94,1.01,1.42
23.317017316818237,0.67,1.9,0.0,2.01
23.31833839416504,0.81,2.71,-0.98,2.99
23.333978176116943,0.9,2.77,-1.58,3.31
23.335352420806885,1.1,2.45,-1.59,3.12
23.40820026397705,0.98,2.12,-1.77,2.93
23.409756183624268,0.76,1.71,-1.36,2.31
23.41938328742981,1.14,1.18,-1.05,1.94
23.420796394348145,1.79,0.53,-1.94,2.69
23.43605136871338,3.35,-0.41,-2.66,4.29
23.437429428100586,5.53,-1.01,-4.03,6.91
23.45026421546936,5.36,-0.55,-4.21,6.83
23.451640129089355,0.87,-0.22,-3.04,3.16
23.467000246047974,-3.25,-1.34,0.06,3.51
23.46831512451172,-5.57,-3.11,2.23,6.75
23.54148030281067,-5.01,-3.34,1.68,6.25
23.543034315109253,-3.39,-1.71,-0.12,3.79
23.551835298538208,-2.18,-0.55,1.02,2.46
23.55339813232422,-0.39,-0.34,1.69,1.76
23.568265438079834,1.37,0.12,0.13,1.38
23.56967329978943,2.03,0.63,-0.74,2.25
23.58370327949524,2.14,0.59,-0.23,2.23
23.584989309310913,1.52,0.42,0.03,1.57
23.600301265716553,-0.17,0.51,0.34,0.63
23.60163426399231,-1.71,0.49,1.02,2.05
23.675010204315186,-2.46,0.28,1.61,2.95
23.67656922340393,-2.8,-0.02,1.33,3.09
23.683724403381348,-2.34,-0.24,0.91,2.52
23.68555212020874,-0.88,-0.25,0.32,0.96
23.702245235443115,0.65,-0.16,-0.45,0.8
23.703679084777832,1.59,-0.15,-0.98,1.87
23.71710228919983,1.69,-0.01,-1.34,2.15
23.718493223190308,1.14,0.19,-1.4,1.81
23.734281301498413,0.6,0.31,-1.21,1.38
23.735714435577393,0.33,0.24,-0.65,0.76
23.809614181518555,-0.02,0.16,-0.18,0.24
23.81118631362915,-0.29,0.04,-0.14,0.32
23.8169903755188,-0.03,-0.03,0.11,0.11
23.818901300430298,0.35,-0.08,0.27,0.44
23.83520221710205,0.52,-0.11,0.32,0.62
23.836608409881592,0.59,-0.08,0.35,0.69
23.85068416595459,0.5,0.01,0.43,0.65
23.852012157440186,0.21,0.09,0.5,0.54
23.867184162139893,-0.23,0.08,0.56,0.61
23.86858630180359,-0.58,-0.01,0.57,0.81
23.884571313858032,-0.75,-0.04,0.63,0.98
23.958125114440918,-0.8,-0.01,0.54,0.96
23.960055351257324,-0.7,-0.02,0.28,0.75
23.969086170196533,-0.39,-0.05,-0.02,0.39
23.9705491065979,-0.24,-0.06,-0.3,0.38
23.985275268554688,-0.24,0.0,-0.7,0.74
23.986565113067627,-0.29,0.17,-0.85,0.91
24.001652240753174,-0.32,0.23,-0.77,0.86
24.003140211105347,-0.24,0.14,-0.56,0.62
24.01717233657837,-0.14,0.06,-0.37,0.4
24.018519401550293,-0.2,-0.01,0.06,0.2
24.092469215393066,-0.2,-0.06,0.22,0.3
24.093815326690674,-0.12,-0.03,0.38,0.39
24.100335121154785,-0.19,-0.02,0.52,0.55
24.102113246917725,-0.39,-0.04,0.54,0.66
24.1185302734375,-0.39,-0.07,0.36,0.53
24.119957208633423,-0.17,-0.08,0.18,0.26
24.1339111328125,0.01,0.0,0.23,0.23
24.135374307632446,0.06,0.11,0.11,0.16
24.151227235794067,0.05,0.15,0.04,0.16
24.152451276779175,0.03,0.09,0.09,0.13
24.225589275360107,0.05,0.03,0.1,0.11
24.22719717025757,0.12,-0.01,0.22,0.25
24.236462116241455,0.2,-0.06,0.0,0.2
24.23788833618164,0.51,-0.1,-0.27,0.58
24.251575231552124,0.87,-0.09,-0.37,0.94
24.252997398376465,0.89,-0.03,-0.46,1.0
24.26837420463562,0.7,0.06,-0.41,0.81
24.269867420196533,0.45,0.13,-0.22,0.51
24.284123420715332,0.12,0.08,-0.02,0.14
24.28548526763916,-0.06,-0.01,0.1,0.11
24.3584623336792,-0.04,-0.02,0.15,0.15
24.359954357147217,-0.04,0.01,0.12,0.12
24.36809015274048,-0.07,0.02,0.1,0.12
24.369474411010742,-0.09,0.04,0.14,0.17
24.3852801322937,-0.1,0.02,0.01,0.1
24.386807203292847,-0.04,-0.04,-0.12,0.13
24.40061616897583,0.0,-0.05,0.04,0.06
24.401981353759766,-0.12,0.03,-0.01,0.12
24.41734528541565,-0.05,0.08,-0.21,0.23
24.418529272079468,0.24,0.08,-0.21,0.32
24.490607261657715,0.32,0.02,-0.13,0.34
24.49219036102295,0.15,0.0,-0.09,0.17
24.503161430358887,-0.18,0.04,0.02,0.18
24.504611253738403,-0.51,0.05,0.13,0.52
24.51871109008789,-0.6,0.03,0.11,0.61
24.520106315612793,-0.42,0.04,-0.06,0.42
24.53441619873047,-0.06,0.04,0.02,0.07
24.535677433013916,0.05,0.14,0.18,0.23
24.550629138946533,-0.05,0.37,0.14,0.39
24.551966190338135,-0.11,0.35,0.12,0.38
24.62365436553955,-0.19,0.09,0.38,0.43
24.625157356262207,-0.15,0.04,0.78,0.79
24.636471271514893,-0.23,0.17,0.28,0.4
24.63792133331299,0.02,0.03,0.18,0.18
24.652254104614258,0.33,-0.14,0.66,0.75
24.653728246688843,-0.01,-0.03,0.5,0.5
24.667259216308594,-0.44,0.16,-0.39,0.6
24.66859531402588,-0.09,0.11,-0.84,0.85
24.684592247009277,0.62,-0.06,-0.73,0.95
24.685912132263184,0.99,-0.16,-0.77,1.26
24.757883310317993,0.57,0.05,-0.96,1.11
24.759621143341064,0.05,0.23,-1.09,1.11
24.769841194152832,-0.05,0.02,-1.06,1.06
24.77134132385254,-0.05,-0.11,-0.92,0.92
24.785478115081787,0.07,0.04,-0.98,0.98
24.786919116973877,0.5,-0.03,-1.02,1.13
24.801124095916748,0.69,-0.28,-1.04,1.27
24.802513122558594,0.13,-0.16,-0.75,0.77
24.817581176757812,-0.5,0.02,-0.83,0.96
24.81896209716797,-0.29,-0.13,-0.34,0.46
24.889984130859375,0.39,-0.21,-0.01,0.44
24.89157724380493,0.74,0.02,-0.05,0.74
24.904155254364014,1.07,-0.02,-0.39,1.13
24.905569314956665,1.08,-0.27,-0.28,1.14
24.919294357299805,0.71,-0.21,-0.13,0.75
24.920713424682617,0.47,-0.07,-0.12,0.49
24.934407234191895,0.52,-0.08,-0.1,0.53
24.935774326324463,0.38,0.04,-0.09,0.39
24.95120334625244,0.12,0.27,-0.05,0.29
24.95248031616211,-0.08,0.27,0.01,0.28
24.968754291534424,-0.43,-0.09,0.17,0.47
25.041725158691406,-1.04,-0.58,0.19,1.2
25.043654203414917,-1.77,-0.85,0.21,1.97
25.051371097564697,-2.34,-0.74,0.34,2.47
25.052826404571533,-2.56,-0.55,0.41,2.65
25.06903839111328,-2.47,-0.8,0.33,2.61
25.070569276809692,-2.23,-1.0,0.38,2.47
25.086668252944946,-1.86,-0.77,0.48,2.06
25.088163375854492,-1.46,-0.45,0.54,1.62
25.101513385772705,-1.1,-0.36,0.73,1.36
25.102952241897583,-0.67,-0.29,0.98,1.22
25.179638385772705,-0.24,-0.12,0.99,1.02
25.181122303009033,0.04,-0.02,0.89,0.89
25.184112310409546,0.23,-0.02,0.71,0.74
25.20265531539917,0.26,0.17,0.55,0.63
25.204066276550293,0.44,0.29,0.64,0.82
25.21821641921997,0.97,0.16,0.57,1.13
25.219553232192993,1.08,0.2,0.62,1.26
25.234649181365967,1.17,0.21,0.73,1.39
25.236027240753174,1.41,0.24,0.63,1.56
25.25117325782776,1.15,0.42,0.82,1.47
25.327242374420166,0.74,0.66,0.92,1.35
25.32903242111206,0.73,0.92,0.77,1.4
25.33523941040039,1.0,1.06,0.57,1.56
25.33668041229248,1.05,1.06,0.37,1.53
25.353581428527832,0.91,1.05,0.46,1.46
25.355001211166382,1.31,1.17,0.31,1.78
25.368268251419067,1.82,1.49,-0.58,2.42
25.369627237319946,2.15,1.65,-1.38,3.04
25.38457727432251,2.9,1.87,-2.13,4.05
25.385905265808105,3.71,2.28,-3.43,5.54
25.462512254714966,4.77,2.38,-4.27,6.83
25.46414041519165,6.0,1.89,-4.53,7.75
25.46798324584961,5.45,1.02,-4.57,7.18
25.469587326049805,1.94,-0.03,-2.46,3.13
25.485636234283447,-2.03,-0.88,1.21,2.52
25.4870662689209,-5.08,-1.55,2.99,6.09
25.50092625617981,-6.43,-2.11,3.57,7.65
25.50227427482605,-5.56,-2.38,3.48,6.97
25.517799377441406,-3.54,-2.21,2.11,4.67
25.519126415252686,-1.91,-1.45,1.42,2.78
25.596615314483643,-0.93,-0.38,1.53,1.83
25.598268270492554,-0.02,0.47,0.76,0.89
25.601107120513916,0.96,0.83,-0.52,1.37
25.619422435760498,1.81,0.79,-1.55,2.51
25.62077522277832,2.09,0.5,-1.55,2.64
25.633737087249756,1.6,0.32,-1.13,1.98
25.635071277618408,0.62,0.35,-0.76,1.04
25.651308298110962,-0.55,0.5,-0.38,0.83
25.652658224105835,-1.35,0.51,0.58,1.55
25.668036222457886,-1.59,0.17,1.19,1.99
25.745046138763428,-1.57,-0.24,1.06,1.9
25.746840238571167,-1.15,-0.35,0.52,1.3
25.751148223876953,-0.36,-0.18,0.1,0.41
25.75286340713501,0.56,-0.14,0.0,0.57
25.768498420715332,1.15,-0.19,-0.23,1.18
25.769994258880615,1.32,-0.13,-0.23,1.34
25.783839225769043,1.29,-0.07,-0.34,1.33
25.78526210784912,1.01,-0.06,-0.22,1.03
25.80194616317749,0.57,0.0,0.1,0.57
25.803373336791992,0.04,0.12,0.37,0.39
25.880540370941162,-0.39,0.16,0.33,0.53
25.882103204727173,-0.28,-0.01,0.04,0.28
25.884562253952026,0.07,-0.13,-0.06,0.15
25.903428316116333,0.32,-0.2,0.0,0.37
25.904839277267456,0.46,-0.09,-0.06,0.47
25.917907238006592,0.69,0.01,-0.19,0.71
25.919230222702026,0.7,0.06,-0.09,0.7
25.93502140045166,0.47,0.1,0.07,0.48
25.93645143508911,0.33,0.11,-0.18,0.39
25.9515323638916,0.33,-0.03,-0.23,0.4
26.02796721458435,0.26,-0.11,0.06,0.28
26.029698371887207,0.11,0.01,-0.01,0.11
26.03538942337036,0.01,0.1,-0.07,0.12
26.036818265914917,-0.06,0.07,0.03,0.09
26.053068161010742,0.04,-0.03,0.11,0.12
26.05449914932251,0.17,-0.05,0.03,0.17
26.07042932510376,0.21,0.03,0.04,0.21
26.071937084197998,0.2,0.08,0.06,0.22
26.08554720878601,0.07,0.09,0.01,0.11
26.08696937561035,-0.19,0.04,-0.02,0.19
26.10175132751465,-0.42,-0.03,-0.03,0.42
26.17797327041626,-0.4,-0.14,-0.12,0.44
26.17976713180542,-0.22,-0.16,-0.17,0.32
26.185364246368408,-0.13,-0.11,-0.2,0.26
26.18698215484619,-0.18,0.0,-0.23,0.29
26.20284628868103,-0.14,0.0,-0.4,0.42
26.2040753364563,-0.04,-0.05,-0.47,0.47
26.217909336090088,-0.16,0.04,-0.42,0.45
26.219280242919922,-0.53,0.22,-0.55,0.79
26.235097408294678,-0.79,0.29,-0.49,0.97
26.23651123046875,-0.61,0.19,-0.34,0.72
26.31233835220337,-0.28,0.2,-0.03,0.34
26.313927173614502,-0.1,0.46,0.3,0.55
26.318279266357422,-0.12,0.78,0.36,0.86
26.31997323036194,-0.07,0.52,0.21,0.56
26.336076259613037,0.11,-0.32,-0.02,0.33
26.337461233139038,0.15,-0.72,-0.13,0.74
26.35131025314331,0.12,-0.37,0.01,0.38
26.352649211883545,0.49,0.05,0.14,0.51
26.3685142993927,1.03,-0.02,0.13,1.03
26.369858264923096,1.28,-0.2,0.27,1.32
26.44525122642517,1.21,0.21,0.16,1.23
26.4468092918396,0.63,0.68,-0.15,0.93
26.451646327972412,-0.38,0.36,-0.48,0.71
26.453351259231567,-1.13,-0.46,-0.28,1.25
26.469316244125366,-1.2,-0.93,-0.12,1.52
26.470677375793457,-0.52,-0.64,-0.14,0.83
26.484569311141968,0.3,-0.14,-0.13,0.35
26.48585820198059,0.81,0.03,-0.12,0.81
26.50173830986023,1.14,0.01,-0.07,1.14
26.50310516357422,1.4,0.19,-0.15,1.42
26.577906131744385,1.25,0.4,-0.26,1.33
26.579430103302002,0.6,0.55,-0.04,0.81
26.58560037612915,-0.21,0.83,0.1,0.86
26.587228298187256,-1.11,0.66,0.02,1.29
26.60276222229004,-1.94,-0.16,0.62,2.04
26.604172229766846,-2.34,-0.87,0.93,2.66
26.61819314956665,-1.8,-0.9,0.31,2.03
26.619628429412842,-0.51,-0.43,-0.23,0.7
26.63540029525757,0.86,0.08,-0.35,0.93
26.636768341064453,1.75,0.34,-0.44,1.83
26.71108627319336,1.83,0.34,-0.54,1.93
26.71259832382202,1.14,0.2,-0.29,1.19
26.72024917602539,0.23,0.09,0.13,0.27
26.721715211868286,-0.73,0.15,0.28,0.79
26.73685121536255,-1.44,0.07,0.26,1.46
26.738280296325684,-1.42,-0.21,0.3,1.46
26.751055240631104,-0.97,-0.43,0.16,1.07
26.752352237701416,-0.63,-0.23,0.09,0.67
26.768465280532837,-0.3,0.08,-0.1,0.32
26.769793272018433,-0.18,0.19,-0.41,0.48
26.8437442779541,-0.43,0.21,-0.47,0.67
26.845276355743408,-0.78,0.17,-0.37,0.87
26.854754209518433,-0.87,0.17,-0.26,0.92
26.85609722137451,-0.66,0.21,-0.16,0.71
26.870705127716064,-0.3,0.14,-0.01,0.33
26.87218713760376,-0.1,-0.06,0.28,0.3
26.88653826713562,-0.06,-0.14,0.64,0.65
26.888020277023315,-0.23,-0.06,0.7,0.73
26.902162313461304,-0.52,-0.02,0.76,0.92
26.903525352478027,-0.62,0.21,1.11,1.28
26.977835178375244,-0.34,0.27,0.37,0.57
26.979361295700073,0.16,-0.11,-0.56,0.59
26.986505270004272,0.55,-0.26,-0.57,0.83
26.98792028427124,0.67,0.02,-0.2,0.69
27.003733158111572,0.74,0.26,-0.06,0.78
27.005144119262695,0.95,0.13,-0.03,0.95
27.019050121307373,0.77,-0.11,-0.01,0.77
27.020423412322998,0.31,-0.13,0.39,0.51
27.038225173950195,0.03,0.08,0.68,0.68
27.039709091186523,-0.38,0.3,0.39,0.62
27.11420440673828,-0.52,0.22,0.04,0.56
27.115812301635742,0.05,0.01,-0.05,0.07
27.119627237319946,1.2,0.03,-0.12,1.2
27.137234210968018,2.33,0.0,-0.61,2.4
27.138673305511475,2.45,-0.12,-0.72,2.55
27.15191411972046,1.61,-0.05,-0.03,1.61
27.153374195098877,0.71,0.11,0.29,0.77
27.16873836517334,0.17,0.0,0.22,0.27
27.1701021194458,-0.28,-0.14,0.47,0.56
27.18563222885132,-0.6,-0.01,0.58,0.83
27.18689727783203,-0.67,0.28,0.29,0.78
27.260791301727295,-0.22,0.27,-0.18,0.39
27.26237726211548,0.43,0.03,-0.35,0.55
27.27166509628296,0.62,-0.06,-0.21,0.65
27.273094177246094,0.34,-0.03,-0.24,0.41
27.286785125732422,-0.11,-0.01,-0.15,0.18
27.288194179534912,-0.35,0.01,0.17,0.38
27.30231809616089,-0.34,0.07,0.08,0.35
27.30368709564209,0.06,0.18,-0.02,0.19
27.31870126724243,0.41,0.27,0.06,0.49
27.32006311416626,0.15,0.17,0.24,0.33
27.394153118133545,-0.21,0.01,0.4,0.45
27.395658254623413,-0.25,-0.15,0.19,0.34
27.40255117416382,-0.15,-0.11,0.16,0.24
27.40435028076172,0.01,0.04,0.02,0.04
27.42018413543701,0.2,0.07,-0.08,0.22
27.42160725593567,0.21,0.03,-0.05,0.21
27.435150146484375,0.16,0.07,-0.18,0.25
27.436520099639893,0.18,0.11,-0.31,0.37
27.45262122154236,-0.13,0.15,-0.01,0.19
27.45400333404541,-0.34,0.17,0.05,0.38
27.52793025970459,-0.14,0.08,-0.04,0.16
27.52945327758789,0.02,0.02,0.12,0.12
27.53705930709839,0.11,0.07,0.21,0.24
27.538488388061523,0.4,0.11,0.16,0.44
27.55394220352173,0.62,0.06,0.28,0.68
27.555357217788696,0.61,-0.02,0.23,0.65
27.56880831718445,0.42,-0.07,0.15,0.45
27.57016611099243,0.23,-0.01,0.19,0.29
27.585244178771973,0.11,0.05,0.19,0.22
27.586454391479492,0.12,0.1,0.16,0.22
27.659767150878906,0.21,0.08,-0.01,0.22
27.66110324859619,0.15,0.1,0.0,0.18
27.671184301376343,0.1,0.19,0.01,0.21
27.67269229888916,0.05,0.16,-0.17,0.23
27.686612129211426,-0.04,0.03,-0.03,0.05
27.687978267669678,0.04,-0.07,0.2,0.21
27.702505111694336,0.31,-0.15,0.11,0.36
27.703877210617065,0.44,-0.09,0.04,0.45
27.719155311584473,0.54,0.12,0.08,0.55
27.720510244369507,0.61,0.21,0.05,0.64
27.793710231781006,0.6,0.04,0.05,0.6
27.795145273208618,0.49,-0.02,0.05,0.49
27.80400323867798,0.29,0.12,0.07,0.32
27.805439233779907,0.19,0.19,0.23,0.35
27.820382118225098,0.42,0.04,0.08,0.42
27.821760177612305,0.43,-0.08,0.0,0.43
27.835726261138916,0.21,-0.04,0.06,0.22
27.8370943069458,0.13,-0.03,-0.02,0.13
27.85224437713623,0.19,-0.02,-0.01,0.19
27.85358428955078,0.14,0.09,0.04,0.17
27.92626929283142,-0.01,0.17,0.16,0.23
27.927789211273193,-0.09,0.1,0.17,0.21
27.93864130973816,-0.06,0.03,0.14,0.15
27.940007209777832,0.0,0.06,0.1,0.11
27.954129219055176,-0.09,0.08,0.09,0.15
27.955734252929688,-0.04,0.09,0.01,0.09
27.969043254852295,0.24,0.04,-0.27,0.36
27.97048830986023,0.26,-0.03,-0.23,0.34
27.98631525039673,0.08,-0.05,0.1,0.13
27.98764729499817,0.03,0.04,0.12,0.13
28.061180114746094,0.01,0.08,0.05,0.09
28.062655210494995,-0.06,0.08,0.2,0.22
28.069290161132812,0.13,0.06,0.15,0.2
28.071125268936157,0.25,0.04,0.04,0.25
28.08725643157959,-0.03,0.07,0.57,0.57
28.088687419891357,-0.56,0.13,0.76,0.95
28.10234832763672,-0.54,0.09,0.28,0.61
28.10369634628296,0.14,0.0,-0.16,0.21
28.11927843093872,0.6,-0.02,-0.17,0.62
28.12065029144287,0.52,0.08,0.02,0.52
28.19242238998413,0.18,0.07,0.04,0.19
28.19400429725647,-0.06,0.05,0.14,0.16
28.20527720451355,-0.05,0.11,0.17,0.2
28.206672191619873,-0.06,0.17,0.13,0.22
28.220896244049072,0.06,0.11,0.1,0.16
28.22234535217285,0.08,-0.02,-0.09,0.12
28.236773252487183,-0.15,-0.07,0.1,0.19
28.238192319869995,-0.45,-0.04,0.36,0.57
28.252390384674072,-0.59,-0.02,0.15,0.6
28.253793239593506,-0.47,0.02,-0.06,0.47
28.270089149475098,-0.14,0.12,-0.04,0.18
28.3414363861084,0.12,0.2,-0.04,0.23
28.343048095703125,0.18,0.16,-0.03,0.24
28.354429244995117,0.2,0.02,-0.02,0.2
28.355940341949463,0.0,-0.05,0.17,0.17
28.370896339416504,-0.35,-0.01,0.35,0.49
28.372265338897705,-0.4,-0.01,0.17,0.43
28.385555267333984,-0.2,-0.01,-0.04,0.2
28.386869430541992,-0.04,0.11,-0.08,0.14
28.401832103729248,0.09,0.19,-0.21,0.29
28.40310025215149,0.09,0.17,-0.09,0.21
28.47408437728882,-0.03,0.07,0.06,0.09
28.47567129135132,0.08,-0.03,0.01,0.08
28.488957405090332,0.34,-0.04,-0.19,0.39
28.490293264389038,0.34,-0.01,-0.21,0.39
28.504013299942017,0.03,0.01,-0.02,0.03
28.505399227142334,-0.11,0.01,0.03,0.11
28.519877433776855,0.0,0.03,-0.13,0.13
28.521281242370605,0.03,0.02,-0.05,0.06
28.53598928451538,0.05,-0.02,0.03,0.06
28.537143230438232,0.09,-0.03,-0.07,0.11
28.60799527168274,0.03,0.01,-0.06,0.06
28.609499216079712,-0.05,0.08,-0.03,0.09
28.62227725982666,0.18,0.02,-0.19,0.26
28.623608112335205,0.35,-0.04,-0.24,0.42
28.637959241867065,0.37,-0.02,-0.05,0.37
28.639373302459717,0.31,0.06,-0.02,0.31
28.652979373931885,0.26,0.0,-0.08,0.27
28.654381275177002,0.27,-0.1,0.0,0.28
28.66985321044922,0.32,-0.08,-0.04,0.33
28.671138286590576,0.19,0.05,-0.02,0.19
28.74156141281128,0.0,0.11,0.07,0.13
28.742998123168945,-0.03,0.03,0.01,0.04
28.75550937652588,0.07,0.01,-0.02,0.07
28.756924152374268,0.25,0.1,-0.08,0.28
28.771066188812256,0.34,0.16,-0.08,0.38
28.77241611480713,0.34,0.03,-0.06,0.34
28.786331176757812,0.2,-0.07,0.01,0.21
28.787760257720947,0.04,-0.04,0.11,0.12
28.802419185638428,-0.12,0.02,0.21,0.24
28.803728103637695,-0.26,0.01,0.23,0.34
28.87467336654663,-0.46,0.03,0.42,0.62
28.876265287399292,-0.65,0.08,0.44,0.78
28.889203310012817,-0.67,0.07,0.1,0.68
28.89062213897705,-0.34,0.01,-0.24,0.41
28.904418230056763,0.09,0.04,-0.2,0.22
28.905813217163086,0.17,0.18,-0.13,0.27
28.919962406158447,0.03,0.15,-0.19,0.24
28.921316146850586,-0.2,-0.01,0.0,0.2
28.93686008453369,-0.26,-0.07,0.23,0.35
28.93826913833618,-0.23,-0.02,0.13,0.26
29.00880527496338,-0.14,0.11,0.18,0.25
29.01030421257019,0.07,0.14,0.06,0.16
29.02262830734253,0.23,0.06,-0.05,0.24
29.02405309677124,0.34,-0.01,-0.06,0.34
29.037840366363525,0.39,-0.04,-0.15,0.41
29.039295196533203,0.31,-0.03,-0.14,0.34
29.053222179412842,0.15,-0.05,0.05,0.16
29.054631233215332,-0.05,-0.01,0.04,0.06
29.069966316223145,-0.11,0.04,-0.02,0.11
29.071316242218018,0.09,0.04,-0.1,0.14
29.141078233718872,0.36,0.04,-0.14,0.38
29.14258122444153,0.34,0.06,-0.08,0.35
29.15611743927002,0.26,0.02,-0.04,0.26
29.157442092895508,0.13,0.0,0.03,0.13
29.170666217803955,-0.07,0.04,0.12,0.14
29.172075271606445,-0.12,0.03,0.1,0.15
29.186476230621338,-0.15,0.0,0.12,0.19
29.1878023147583,-0.14,-0.02,0.05,0.15
29.202882289886475,-0.03,-0.01,-0.04,0.05
29.20422625541687,-0.01,0.11,0.04,0.11
29.273552417755127,-0.05,0.14,0.06,0.16
29.275137424468994,-0.02,0.09,-0.02,0.09
29.290165424346924,0.11,0.05,-0.01,0.12
29.291585206985474,0.18,0.01,0.0,0.18
29.305232286453247,0.12,0.06,0.16,0.2
29.306645393371582,0.13,0.04,0.11,0.17
29.32016134262085,0.11,-0.02,0.0,0.11
29.32144021987915,0.07,0.05,0.07,0.11
29.33618426322937,0.16,0.06,0.0,0.17
29.3374981880188,0.2,0.01,-0.04,0.2
29.354572296142578,0.06,0.06,-0.02,0.08
29.423636436462402,0.08,0.13,0.08,0.17
29.42506742477417,0.15,0.05,0.01,0.15
29.439852237701416,0.12,0.01,0.0,0.12
29.441172122955322,0.08,0.07,0.11,0.15
29.454995155334473,0.08,0.08,0.15,0.18
29.456334114074707,0.13,0.0,0.09,0.15
29.470152378082275,0.15,-0.01,0.08,0.17
29.47151827812195,0.04,0.04,0.2,0.2
29.486302375793457,-0.11,0.05,0.17,0.2
29.487473249435425,-0.14,0.04,-0.04,0.15
29.556034088134766,-0.09,0.07,-0.05,0.12
29.557440280914307,-0.05,0.11,-0.06,0.13
29.573013305664062,-0.02,0.12,-0.13,0.17
29.574419260025024,0.09,0.06,-0.04,0.11
29.587555408477783,0.15,0.01,0.05,0.15
29.589067220687866,0.05,0.08,0.15,0.17
29.60367441177368,0.08,0.06,0.13,0.16
29.605045318603516,0.22,-0.01,-0.02,0.22
29.620208263397217,0.3,-0.01,-0.07,0.3
29.62146520614624,0.31,0.01,-0.06,0.31
29.689033269882202,0.2,0.01,0.01,0.2
29.69048309326172,0.1,0.02,0.08,0.12
29.70622229576111,-0.01,0.08,0.13,0.15
29.707595348358154,-0.06,0.09,0.12,0.16
29.721535205841064,-0.03,0.05,-0.03,0.06
29.722947120666504,-0.11,0.04,-0.06,0.13
29.736952304840088,-0.17,0.08,0.02,0.18
29.738234281539917,-0.12,0.07,0.07,0.15
29.753302097320557,-0.02,0.03,0.17,0.17
29.754692316055298,-0.01,-0.03,0.27,0.27
29.822311401367188,-0.13,-0.04,0.17,0.21
29.82388734817505,-0.08,0.0,0.1,0.12
29.840018272399902,0.2,0.04,-0.14,0.24
29.84142827987671,0.37,-0.05,-0.07,0.37
29.85520029067993,0.18,0.25,-0.08,0.31
29.856629371643066,0.16,0.37,0.17,0.43
29.87033224105835,0.11,-0.09,0.16,0.21
29.871674299240112,0.18,-0.27,0.27,0.42
29.886922359466553,0.03,-0.14,-0.04,0.14
29.888230323791504,-0.1,0.0,-0.07,0.12
29.954904317855835,0.17,0.0,0.02,0.17
29.956552267074585,0.2,0.02,-0.08,0.21
29.974879264831543,0.03,0.03,-0.11,0.11
29.97628426551819,-0.04,0.08,0.07,0.11
29.988845348358154,0.05,0.03,0.24,0.24
29.99032425880432,0.01,0.0,0.17,0.17
30.005953311920166,-0.05,0.12,0.16,0.2
30.00742220878601,0.14,0.15,0.22,0.3
30.020735263824463,0.19,0.11,0.13,0.25
30.022024154663086,0.02,0.08,0.13,0.15
30.08823013305664,-0.23,0.01,0.21,0.31
30.089722156524658,-0.47,-0.06,0.32,0.57
30.10872220993042,-0.74,-0.01,0.39,0.83
30.1102192401886,-1.01,0.19,0.55,1.16
30.121826171875,-1.02,0.31,0.73,1.29
30.123257160186768,-0.73,0.19,0.61,0.97
30.138365268707275,-0.62,0.06,0.56,0.83
30.139822244644165,-0.59,0.1,0.58,0.83
30.15447425842285,-0.21,0.16,0.26,0.37
30.15589427947998,0.28,0.17,-0.16,0.36
30.221840381622314,0.48,0.21,-0.14,0.54
30.22341537475586,0.54,0.12,0.09,0.56
30.24087929725647,0.36,0.11,0.27,0.46
30.242295265197754,0.02,0.22,0.44,0.49
30.254701137542725,0.23,0.17,0.47,0.55
30.2561092376709,0.48,-0.19,0.11,0.52
30.27004909515381,0.07,-0.3,-0.1,0.32
30.271366119384766,-0.28,0.07,0.09,0.3
30.28706932067871,-0.74,0.35,0.36,0.89
30.28844428062439,-1.26,0.29,1.12,1.71
30.354486227035522,-1.45,0.23,1.21,1.9
30.356126308441162,-0.79,0.04,0.64,1.01
30.37344741821289,-0.11,-0.08,0.12,0.18
30.374898433685303,0.02,0.05,0.0,0.05
30.38861322402954,-0.39,0.15,0.26,0.49
30.39011025428772,-1.04,0.16,0.68,1.25
30.403592109680176,-1.29,0.37,0.69,1.5
30.404940128326416,-0.49,0.4,-0.06,0.63
30.420705318450928,0.65,-0.16,-1.0,1.2
30.42207622528076,1.08,-0.32,-1.1,1.57
30.437647342681885,0.67,0.01,-0.78,1.02
30.503892421722412,-0.18,0.26,-0.19,0.36
30.505800247192383,-0.63,0.23,0.75,1.0
30.52349829673767,-0.36,0.27,1.33,1.4
30.52495241165161,0.08,0.52,1.5,1.58
30.538750171661377,0.83,0.35,1.8,2.01
30.5401554107666,1.27,-0.24,1.49,1.97
30.5539813041687,0.64,-0.35,1.14,1.35
30.555360317230225,0.17,-0.26,1.07,1.11
30.570154190063477,0.28,-0.25,-0.11,0.39
30.571532249450684,0.21,-0.04,-1.11,1.13
30.636876106262207,-0.01,0.12,-1.02,1.02
30.638484239578247,-0.87,0.17,-1.11,1.42
30.656885147094727,-1.74,0.11,-0.89,1.95
30.658276319503784,-1.52,0.09,-0.6,1.63
30.672328233718872,-1.05,0.22,-0.85,1.36
30.673790216445923,-1.04,0.08,-0.09,1.04
30.68731427192688,-1.67,0.12,0.86,1.88
30.688671112060547,-1.57,-0.35,0.93,1.85
30.70405125617981,-1.4,-0.79,1.07,1.93
30.70533037185669,-1.35,-0.4,0.27,1.43
30.77013111114502,-0.07,0.01,-0.26,0.26
30.77170729637146,0.9,0.24,-0.61,1.11
30.790593147277832,1.16,0.67,-1.49,2.0
30.7920241355896,1.72,0.35,-0.87,1.95
30.804954290390015,1.25,-0.08,0.06,1.25
30.806342124938965,0.4,-0.08,0.35,0.53
30.820534229278564,-0.13,-0.06,0.62,0.63
30.821715354919434,-0.56,-0.06,0.75,0.93
30.836822271347046,-0.49,0.04,0.9,1.02
30.83812141418457,-0.33,0.17,0.93,1.0
30.903178215026855,-0.69,0.25,0.24,0.77
30.904702186584473,-0.31,0.15,-0.28,0.44
30.924021244049072,0.65,0.0,-0.16,0.66
30.92544722557068,0.67,0.22,-0.29,0.76
30.938745260238647,0.39,0.39,-0.13,0.56
30.940113306045532,0.59,0.36,-0.07,0.69
30.954110145568848,0.93,0.11,0.4,1.01
30.955425262451172,0.14,-0.25,1.48,1.5
30.97313117980957,-1.52,-0.8,0.78,1.88
30.97467613220215,-2.39,-1.3,0.0,2.72
31.040151119232178,-1.76,-1.2,0.16,2.13
31.041719436645508,-1.11,-0.25,-0.49,1.23
31.057842254638672,-0.1,0.59,-1.23,1.36
31.05926823616028,0.95,0.77,-0.7,1.4
31.07251214981079,1.33,0.34,-0.6,1.49
31.073973178863525,1.25,-0.57,-0.1,1.37
31.087367296218872,0.81,-1.16,0.36,1.45
31.088690280914307,-0.03,-1.12,0.38,1.18
31.10399627685547,-0.2,-0.94,-0.49,1.07
31.10529327392578,0.43,-1.08,-1.14,1.62
31.171488285064697,1.04,-1.21,-1.15,1.96
31.173055171966553,-0.52,-0.82,-0.43,1.06
31.19054412841797,-1.04,-0.91,-0.71,1.55
31.191965103149414,-1.08,-1.6,-0.06,1.93
31.205278396606445,-1.76,-1.86,0.19,2.56
31.206751346588135,-1.52,-2.16,0.23,2.65
31.220925331115723,-1.81,-2.52,0.46,3.13
31.222265243530273,-2.67,-3.06,0.74,4.12
31.237475395202637,-3.32,-3.76,1.09,5.13
31.238845348358154,-4.12,-4.11,1.19,5.93
31.30587124824524,-4.72,-4.49,1.02,6.59
31.307457208633423,-4.38,-6.37,0.33,7.73
31.324591159820557,-4.71,-9.52,0.17,10.62
31.326123237609863,-6.49,-11.51,0.61,13.22
31.339787244796753,-8.31,-11.11,0.47,13.88
31.341251373291016,-9.36,-9.97,0.68,13.69
31.35500717163086,-10.29,-9.36,0.85,13.93
31.35641622543335,-10.94,-9.03,0.1,14.18
31.37152123451233,-12.04,-8.52,-0.69,14.76
31.373035430908203,-13.43,-7.42,-0.89,15.36
31.434709310531616,-12.91,-5.8,-0.51,14.16
31.436225414276123,-10.31,-3.72,0.76,10.98
31.45772933959961,-5.67,-2.17,2.51,6.56
31.45915412902832,0.03,-1.66,2.0,2.59
31.47249126434326,2.94,-1.86,-2.08,4.05
31.473933219909668,0.45,-1.85,-3.55,4.02
31.48930525779724,-3.42,-1.2,-1.01,3.76
31.491064310073853,-5.52,-0.14,1.7,5.77
31.506174087524414,-6.93,1.05,2.89,7.58
31.507684230804443,-8.54,2.11,2.13,9.05
31.522687435150146,-9.9,2.77,1.47,10.38
